sales_id,date_id,product_id,distributor_id,region_id,promotion_id,segment_id,warehouse_id,quantity,revenue
10000,20250413,104,203,305,404,501,603,303,892335.0
10001,20260312,101,203,301,401,502,601,861,2669100.0
10002,20250928,109,202,302,402,501,601,160,1656000.0
10003,20250417,108,203,302,401,502,601,393,4519500.0
10004,20250313,108,202,305,402,501,601,647,6696450.0
10005,20250121,105,201,301,402,503,603,822,3699000.0
10006,20250502,104,201,304,402,502,603,317,884430.0
10007,20260412,118,202,301,401,501,603,345,1035000.0
10008,20250803,103,203,304,402,503,601,955,2836350.0
10009,20251127,119,203,303,401,502,603,755,1887500.0
10010,20260404,114,202,303,402,501,603,901,3649050.0
10011,20250329,102,202,303,403,501,602,384,946560.0
10012,20260108,101,201,301,402,503,602,17,47430.0
10013,20250410,103,202,305,404,502,602,350,1097250.0
10014,20250511,107,203,304,401,501,602,138,690000.0
10015,20251105,108,202,301,403,503,603,785,7673375.0
10016,20251210,117,202,303,401,503,601,678,2712000.0
10017,20260507,120,202,302,402,501,602,361,812250.0
10018,20260218,101,201,303,404,502,601,367,1080815.0
10019,20260121,118,202,305,404,503,603,526,1499100.0
10020,20250711,107,204,303,404,502,603,504,2394000.0
10021,20251004,118,204,305,402,501,602,95,256500.0
10022,20250610,114,204,302,402,501,602,184,745200.0
10023,20260405,108,203,304,404,501,601,811,8860175.0
10024,20251110,115,203,303,402,501,601,202,1090800.0
10025,20250122,119,202,305,402,503,602,320,720000.0
10026,20250910,109,204,304,403,503,602,128,1251200.0
10027,20260420,101,201,302,402,502,601,227,633330.0
10028,20250228,106,204,305,403,502,602,436,1853000.0
10029,20260526,114,204,302,404,501,602,979,4185225.0
10030,20260421,111,203,302,401,502,603,423,3595500.0
10031,20250709,109,203,301,402,501,601,123,1273050.0
10032,20250901,105,201,304,404,503,601,987,4688250.0
10033,20260520,107,203,301,404,503,601,154,731500.0
10034,20250511,111,201,302,402,501,603,547,4184550.0
10035,20260430,104,203,305,401,501,603,657,2036700.0
10036,20250121,103,204,303,401,503,603,312,1029600.0
10037,20250616,113,204,301,402,502,603,753,3727350.0
10038,20251001,104,201,303,404,502,601,890,2621050.0
10039,20260123,112,201,301,402,501,601,597,4567050.0
10040,20251112,112,203,304,401,503,602,996,8466000.0
10041,20250114,120,203,303,402,502,601,849,1910250.0
10042,20250830,109,201,301,404,502,602,354,3867450.0
10043,20251212,102,201,302,401,503,603,823,2386700.0
10044,20251206,115,204,305,401,501,601,973,5838000.0
10045,20250402,118,204,302,401,503,601,810,2430000.0
10046,20260102,104,201,304,404,503,602,10,29450.0
10047,20260331,113,204,304,402,502,603,156,772200.0
10048,20260304,103,202,301,401,502,602,296,976800.0
10049,20260524,118,203,302,404,502,603,985,2807250.0
10050,20250204,110,204,303,404,502,602,663,6928350.0
10051,20250725,120,202,301,403,503,601,62,131750.0
10052,20250322,112,201,301,401,501,601,313,2660500.0
10053,20260123,119,204,302,404,503,602,78,185250.0
10054,20250102,107,201,305,402,501,601,370,1665000.0
10055,20260125,103,203,304,404,501,603,611,1915485.0
10056,20250416,102,201,303,404,502,601,967,2664085.0
10057,20260422,108,202,304,403,503,601,229,2238475.0
10058,20260206,110,201,301,401,502,603,971,10681000.0
10059,20250611,103,202,305,404,501,603,713,2235255.0
10060,20250721,108,204,301,402,503,602,975,10091250.0
10061,20250927,104,204,305,403,503,602,584,1538840.0
10062,20250928,113,202,302,404,502,603,594,3103650.0
10063,20260401,109,203,304,402,502,602,170,1759500.0
10064,20260407,115,203,301,401,503,601,690,4140000.0
10065,20250909,112,203,305,403,502,601,98,708050.0
10066,20251023,106,204,305,404,502,603,697,3310750.0
10067,20251204,112,204,301,403,501,601,790,5707750.0
10068,20250222,112,203,304,402,503,601,594,4544100.0
10069,20250805,107,201,302,401,503,602,766,3830000.0
10070,20250707,109,203,302,401,501,602,598,6877000.0
10071,20260115,103,201,303,401,502,603,168,554400.0
10072,20260508,120,203,303,401,503,602,498,1245000.0
10073,20250210,106,201,303,404,502,602,980,4655000.0
10074,20250606,118,204,304,402,501,601,333,899100.0
10075,20250115,108,203,303,403,502,602,619,6050725.0
10076,20250306,106,203,303,404,502,601,390,1852500.0
10077,20260605,115,202,304,403,503,603,111,566100.0
10078,20251210,113,203,303,401,501,601,503,2766500.0
10079,20250509,109,201,302,402,501,602,653,6758550.0
10080,20260417,118,202,301,404,503,603,623,1775550.0
10081,20250304,108,203,302,403,501,603,28,273700.0
10082,20250519,111,203,302,403,502,601,463,3345175.0
10083,20260514,102,204,305,404,503,602,491,1352705.0
10084,20260127,108,202,301,403,501,601,603,5894325.0
10085,20260223,102,201,302,403,502,602,406,1000790.0
10086,20251016,111,203,301,404,503,601,288,2325600.0
10087,20260114,113,204,302,402,502,601,860,4257000.0
10088,20260505,109,203,304,404,501,602,374,4085950.0
10089,20250819,103,202,304,404,503,602,340,1065900.0
10090,20250210,107,201,303,402,503,601,650,2925000.0
10091,20250128,119,204,304,403,502,603,353,750125.0
10092,20250515,111,203,301,404,502,602,831,6710325.0
10093,20250720,107,201,305,403,501,601,464,1972000.0
10094,20250202,116,203,303,403,503,602,610,6481250.0
10095,20250217,113,203,302,403,502,603,734,3431450.0
10096,20260518,115,202,304,404,503,603,664,3784800.0
10097,20260211,105,202,303,402,501,603,74,333000.0
10098,20250409,109,203,304,401,501,602,85,977500.0
10099,20260407,105,204,303,402,501,601,720,3240000.0
10100,20250105,108,202,301,404,501,601,152,1660600.0
10101,20250806,118,202,301,402,501,602,926,2500200.0
10102,20260518,118,202,302,401,503,601,924,2772000.0
10103,20260202,109,202,303,402,503,602,837,8662950.0
10104,20260128,119,201,305,404,501,603,614,1458250.0
10105,20250726,114,203,301,403,502,602,482,1843650.0
10106,20250115,119,201,302,401,502,603,426,1065000.0
10107,20260406,113,201,303,402,501,601,314,1554300.0
10108,20250829,112,203,302,404,503,603,745,6015875.0
10109,20250406,108,202,301,401,503,602,506,5819000.0
10110,20260430,105,204,302,401,502,603,300,1500000.0
10111,20260211,117,202,303,402,502,602,949,3416400.0
10112,20250819,116,202,304,404,503,603,111,1318125.0
10113,20250620,103,202,305,404,502,603,995,3119325.0
10114,20250205,102,202,301,401,501,602,276,800400.0
10115,20260609,104,204,303,401,501,601,876,2715600.0
10116,20250609,105,201,303,403,502,601,977,4152250.0
10117,20250831,106,204,302,402,501,603,631,2839500.0
10118,20250327,114,203,301,403,502,601,983,3759975.0
10119,20250128,120,202,304,401,503,601,851,2127500.0
10120,20251206,103,204,304,401,501,602,971,3204300.0
10121,20251127,113,203,305,404,502,601,951,4968975.0
10122,20260521,113,204,305,404,501,602,786,4106850.0
10123,20251214,120,202,302,403,501,602,12,25500.0
10124,20260418,115,202,301,401,503,603,94,564000.0
10125,20250819,117,203,304,402,503,603,803,2890800.0
10126,20250709,109,204,301,404,503,603,337,3681725.0
10127,20250813,118,202,302,404,502,603,825,2351250.0
10128,20260120,101,203,301,401,503,603,459,1422900.0
10129,20260112,104,204,301,402,503,601,463,1291770.0
10130,20251010,118,204,301,403,501,601,933,2379150.0
10131,20250916,109,203,302,402,503,602,638,6603300.0
10132,20251225,111,204,302,401,503,603,230,1955000.0
10133,20260401,104,204,302,402,501,603,163,454770.0
10134,20260215,110,202,304,402,501,602,674,6672600.0
10135,20251114,114,202,303,401,501,602,21,94500.0
10136,20250813,106,202,301,403,503,602,142,603500.0
10137,20250822,115,203,305,402,501,603,313,1690200.0
10138,20260109,101,201,305,401,502,602,302,936200.0
10139,20260417,109,204,303,402,503,601,984,10184400.0
10140,20250821,117,203,301,401,501,603,309,1236000.0
10141,20250423,106,201,301,403,502,601,749,3183250.0
10142,20260512,117,201,301,404,503,603,792,3009600.0
10143,20260318,104,203,302,403,501,601,52,137020.0
10144,20250925,110,201,304,404,501,602,953,9958850.0
10145,20260525,117,202,302,404,503,601,352,1337600.0
10146,20260121,120,203,301,402,503,603,335,753750.0
10147,20260122,107,204,303,401,501,602,823,4115000.0
10148,20250423,105,202,301,401,501,602,507,2535000.0
10149,20250322,112,204,301,401,501,602,373,3170500.0
10150,20250423,106,201,304,403,503,601,900,3825000.0
10151,20250102,118,202,301,403,501,601,436,1111800.0
10152,20250808,117,204,302,403,502,602,30,102000.0
10153,20250813,101,203,305,403,501,603,416,1096160.0
10154,20260120,120,201,304,402,502,603,628,1413000.0
10155,20260207,111,204,304,402,503,602,345,2639250.0
10156,20250510,116,201,304,404,501,601,824,9785000.0
10157,20250222,101,204,301,404,503,602,126,371070.0
10158,20260220,104,203,304,401,501,601,133,412300.0
10159,20250904,112,202,304,403,501,602,408,2947800.0
10160,20260315,110,204,302,402,501,601,802,7939800.0
10161,20250722,108,201,303,404,502,601,813,8882025.0
10162,20250703,102,203,302,401,503,602,724,2099600.0
10163,20250503,108,202,302,401,503,602,60,690000.0
10164,20260205,119,201,303,403,501,603,792,1683000.0
10165,20251021,103,203,303,403,501,602,333,934065.0
10166,20251007,103,201,304,401,501,602,798,2633400.0
10167,20250717,116,203,302,403,502,602,150,1593750.0
10168,20260526,103,202,301,403,502,602,479,1343595.0
10169,20250524,118,202,305,404,503,603,796,2268600.0
10170,20250720,105,201,305,404,503,602,811,3852250.0
10171,20250504,105,203,305,404,502,603,343,1629250.0
10172,20250706,116,204,302,402,502,602,902,10147500.0
10173,20251122,118,202,303,403,501,602,973,2481150.0
10174,20260409,106,204,304,404,503,601,382,1814500.0
10175,20251215,109,204,304,404,503,602,573,6260025.0
10176,20260207,117,201,305,401,503,603,503,2012000.0
10177,20251212,120,201,304,404,501,602,548,1301500.0
10178,20260526,114,201,301,401,502,601,678,3051000.0
10179,20250527,107,203,301,403,501,603,760,3230000.0
10180,20250528,118,202,303,401,501,603,165,495000.0
10181,20260504,107,202,304,404,503,603,300,1425000.0
10182,20251204,110,204,302,402,501,602,657,6504300.0
10183,20260418,113,201,304,402,502,601,153,757350.0
10184,20250531,112,203,302,403,501,601,115,830875.0
10185,20260219,115,202,305,404,501,601,429,2445300.0
10186,20251025,117,203,302,403,502,601,679,2308600.0
10187,20250920,115,201,305,401,501,601,667,4002000.0
10188,20250524,104,201,301,403,502,601,11,28985.0
10189,20251212,108,202,304,402,501,601,954,9873900.0
10190,20250102,108,204,303,403,503,602,598,5845450.0
10191,20251031,103,204,304,401,502,602,653,2154900.0
10192,20250911,111,201,305,404,503,601,99,799425.0
10193,20260329,101,201,304,403,501,603,354,932790.0
10194,20250206,119,204,303,401,502,602,359,897500.0
10195,20250609,118,201,305,402,501,602,468,1263600.0
10196,20250109,108,202,305,404,503,601,272,2971600.0
10197,20250821,119,202,303,403,501,602,360,765000.0
10198,20250409,108,203,304,403,501,601,117,1143675.0
10199,20250727,101,204,303,402,501,602,595,1660050.0
10200,20250511,103,201,302,403,503,602,48,134640.0
10201,20260208,102,203,301,402,503,603,918,2395980.0
10202,20250601,108,202,303,402,502,603,168,1738800.0
10203,20250223,103,204,305,404,501,602,592,1855920.0
10204,20250430,102,202,302,402,501,602,968,2526480.0
10205,20260224,111,201,301,402,502,602,321,2455650.0
10206,20260226,103,203,303,402,501,601,250,742500.0
10207,20250414,117,201,301,403,501,603,947,3219800.0
10208,20250911,108,201,304,402,501,601,454,4698900.0
10209,20250815,109,204,305,402,501,601,307,3177450.0
10210,20250422,116,204,303,402,501,602,961,10811250.0
10211,20260525,107,201,305,402,503,601,45,202500.0
10212,20260418,118,204,302,403,503,601,93,237150.0
10213,20250409,105,203,302,402,503,602,461,2074500.0
10214,20250602,119,203,301,401,502,601,895,2237500.0
10215,20251204,119,201,302,401,502,601,784,1960000.0
10216,20250612,116,203,302,401,503,603,831,10387500.0
10217,20250610,108,201,303,404,502,603,394,4304450.0
10218,20260202,116,203,305,401,503,602,181,2262500.0
10219,20251004,114,202,301,401,501,603,385,1732500.0
10220,20260519,107,201,302,404,501,603,694,3296500.0
10221,20260127,104,203,305,403,501,603,371,977585.0
10222,20250515,104,202,304,403,503,601,568,1496680.0
10223,20250714,114,201,303,404,502,603,900,3847500.0
10224,20260205,112,203,302,403,503,601,150,1083750.0
10225,20250202,114,203,302,404,502,603,896,3830400.0
10226,20260405,114,202,302,402,502,603,927,3754350.0
10227,20260415,115,204,305,403,501,601,127,647700.0
10228,20260110,102,204,303,404,501,602,286,787930.0
10229,20250122,104,202,303,402,503,601,735,2050650.0
10230,20250207,102,202,305,402,503,601,229,597690.0
10231,20250818,113,201,301,401,501,602,914,5027000.0
10232,20251231,111,204,303,404,503,603,35,282625.0
10233,20260314,104,201,305,404,501,601,530,1560850.0
10234,20251010,108,203,305,401,503,602,792,9108000.0
10235,20250127,107,202,302,403,502,601,19,80750.0
10236,20250814,107,201,305,404,503,602,993,4716750.0
10237,20251004,118,202,302,402,501,603,387,1044900.0
10238,20251011,115,201,304,404,503,603,642,3659400.0
10239,20260426,105,203,305,401,502,601,646,3230000.0
10240,20260329,114,203,303,404,502,602,691,2954025.0
10241,20260531,106,204,302,403,502,602,593,2520250.0
10242,20250711,109,204,304,401,501,603,161,1851500.0
10243,20250218,115,203,301,401,503,601,729,4374000.0
10244,20260527,108,201,301,402,501,602,58,600300.0
10245,20250117,103,202,301,404,501,601,163,511005.0
10246,20250621,115,203,302,401,501,601,868,5208000.0
10247,20250808,118,203,305,403,503,601,302,770100.0
10248,20250607,104,201,302,403,501,602,589,1552015.0
10249,20260422,102,203,301,403,503,603,59,145435.0
10250,20250215,118,203,305,402,502,603,673,1817100.0
10251,20260108,101,201,304,403,503,602,540,1422900.0
10252,20260602,103,203,301,402,503,602,621,1844370.0
10253,20250409,108,204,303,403,501,603,69,674475.0
10254,20250206,106,204,305,404,502,602,176,836000.0
10255,20251007,114,204,302,403,503,603,211,807075.0
10256,20251215,116,204,302,403,503,603,866,9201250.0
10257,20260512,116,203,303,402,501,601,155,1743750.0
10258,20251029,107,202,302,404,502,602,924,4389000.0
10259,20250630,113,204,303,404,501,601,685,3579125.0
10260,20250409,102,204,301,402,501,603,979,2555190.0
10261,20250426,106,203,301,404,501,603,448,2128000.0
10262,20250710,113,203,302,403,501,602,251,1173425.0
10263,20250910,101,201,305,403,503,602,590,1554650.0
10264,20250610,113,204,302,404,502,603,696,3636600.0
10265,20250913,109,201,301,403,502,603,570,5571750.0
10266,20251119,115,204,305,404,501,603,492,2804400.0
10267,20250508,110,202,303,402,501,601,117,1158300.0
10268,20250118,114,203,301,402,503,601,235,951750.0
10269,20251119,118,203,303,402,501,601,682,1841400.0
10270,20251015,116,201,304,401,501,603,640,8000000.0
10271,20250604,105,201,305,403,503,602,670,2847500.0
10272,20260505,107,203,301,402,502,602,986,4437000.0
10273,20260121,110,203,303,404,502,601,671,7011950.0
10274,20250414,107,203,303,404,501,603,441,2094750.0
10275,20260128,102,204,303,402,502,601,814,2124540.0
10276,20250903,119,204,302,402,502,603,664,1494000.0
10277,20250625,118,202,302,402,502,603,428,1155600.0
10278,20250208,102,204,304,404,503,602,997,2746735.0
10279,20260422,111,203,304,401,502,601,464,3944000.0
10280,20260622,102,204,303,402,501,602,169,441090.0
10281,20260212,102,201,302,404,501,602,532,1465660.0
10282,20260609,119,203,305,404,503,601,659,1565125.0
10283,20260521,116,204,305,402,501,601,978,11002500.0
10284,20250205,117,203,303,403,503,602,599,2036600.0
10285,20250120,117,201,302,404,501,601,86,326800.0
10286,20251117,106,201,305,403,501,601,518,2201500.0
10287,20260527,102,204,302,403,501,601,450,1109250.0
10288,20260204,117,203,304,401,502,601,263,1052000.0
10289,20260416,103,202,303,404,503,602,930,2915550.0
10290,20250523,106,201,303,401,501,602,779,3895000.0
10291,20250402,103,202,302,402,501,602,329,977130.0
10292,20251220,120,204,302,401,501,603,812,2030000.0
10293,20250220,103,201,301,402,503,603,272,807840.0
10294,20250709,108,202,305,403,502,601,606,5923650.0
10295,20250505,113,201,304,404,503,601,667,3485075.0
10296,20250530,104,202,305,401,503,602,844,2616400.0
10297,20251110,119,203,301,404,502,602,563,1337125.0
10298,20251208,108,203,302,403,502,602,383,3743825.0
10299,20251101,119,204,305,403,501,603,646,1372750.0
10300,20250223,120,201,303,403,503,602,176,374000.0
10301,20260320,102,202,305,403,503,603,946,2331890.0
10302,20250921,120,204,302,403,502,603,762,1619250.0
10303,20250222,103,203,305,403,501,601,468,1312740.0
10304,20250105,114,203,301,401,501,602,289,1300500.0
10305,20250413,119,204,304,404,502,603,709,1683875.0
10306,20250715,119,201,302,401,501,601,311,777500.0
10307,20251216,117,202,303,403,501,602,540,1836000.0
10308,20250216,111,203,301,402,501,603,589,4505850.0
10309,20250926,109,204,302,402,503,601,227,2349450.0
10310,20260105,107,203,303,403,502,602,111,471750.0
10311,20250416,111,203,303,403,501,602,563,4067675.0
10312,20250430,108,202,302,403,502,602,297,2903175.0
10313,20250227,109,201,301,404,501,602,176,1922800.0
10314,20251212,113,201,303,404,501,602,630,3291750.0
10315,20260419,105,202,304,401,502,603,45,225000.0
10316,20250427,110,204,301,404,503,603,753,7868850.0
10317,20250507,115,204,303,403,502,602,750,3825000.0
10318,20260128,111,201,302,404,501,601,362,2923150.0
10319,20250227,103,203,302,402,502,602,685,2034450.0
10320,20260528,101,203,301,402,501,602,908,2533320.0
10321,20250406,115,204,303,403,501,603,82,418200.0
10322,20250428,120,202,303,404,503,601,657,1560375.0
10323,20260503,119,203,301,404,502,602,362,859750.0
10324,20250825,104,204,301,401,501,603,900,2790000.0
10325,20250929,103,202,301,401,502,602,79,260700.0
10326,20250708,118,201,304,402,502,601,434,1171800.0
10327,20260323,107,202,304,403,501,601,717,3047250.0
10328,20250904,117,201,304,402,502,603,790,2844000.0
10329,20250317,109,204,302,403,503,602,570,5571750.0
10330,20250603,105,202,304,403,501,602,837,3557250.0
10331,20260311,112,204,304,403,503,603,651,4703475.0
10332,20250327,103,201,304,403,502,601,965,2706825.0
10333,20251012,108,203,303,404,502,603,526,5746550.0
10334,20250808,112,203,305,403,501,603,437,3157325.0
10335,20250310,110,201,304,404,502,603,548,5726600.0
10336,20250216,106,203,301,403,501,601,169,718250.0
10337,20250404,115,203,304,404,501,602,158,900600.0
10338,20260329,118,202,305,404,503,603,785,2237250.0
10339,20250723,110,202,302,402,503,603,239,2366100.0
10340,20250806,120,203,302,402,501,603,721,1622250.0
10341,20260419,117,202,304,401,502,603,571,2284000.0
10342,20260308,101,201,301,402,501,601,76,212040.0
10343,20251207,118,202,301,402,501,602,821,2216700.0
10344,20251016,110,202,303,403,502,602,390,3646500.0
10345,20250911,104,202,301,401,502,602,67,207700.0
10346,20251223,105,204,303,402,502,601,268,1206000.0
10347,20250123,109,201,303,402,501,602,351,3632850.0
10348,20260606,104,203,301,404,502,602,847,2494415.0
10349,20250410,104,203,301,401,501,601,139,430900.0
10350,20250629,118,204,303,401,502,601,736,2208000.0
10351,20250811,105,202,302,401,503,603,181,905000.0
10352,20260318,109,201,304,404,501,602,779,8510575.0
10353,20251121,110,201,302,401,503,601,623,6853000.0
10354,20260531,120,203,301,401,503,603,218,545000.0
10355,20250116,107,204,305,404,501,602,812,3857000.0
10356,20251202,111,204,301,401,503,602,363,3085500.0
10357,20250915,107,204,303,401,503,603,480,2400000.0
10358,20260512,109,204,305,403,501,601,807,7888425.0
10359,20250609,117,201,305,402,501,603,125,450000.0
10360,20260420,116,202,304,401,502,601,273,3412500.0
10361,20260115,109,203,301,404,503,601,671,7330675.0
10362,20260303,102,201,304,403,502,603,821,2023765.0
10363,20250925,103,204,302,402,501,601,451,1339470.0
10364,20260221,114,204,305,402,503,603,557,2255850.0
10365,20250617,109,203,304,403,502,602,462,4516050.0
10366,20250212,102,202,302,404,502,602,854,2352770.0
10367,20251012,101,202,301,402,502,601,486,1355940.0
10368,20260201,111,202,301,402,501,602,296,2264400.0
10369,20250112,105,204,303,402,503,603,312,1404000.0
10370,20251029,109,201,302,401,502,603,320,3680000.0
10371,20250910,106,201,302,401,503,603,217,1085000.0
10372,20260514,115,202,304,403,501,602,627,3197700.0
10373,20250204,118,203,305,403,501,602,455,1160250.0
10374,20250331,114,202,305,404,502,602,679,2902725.0
10375,20260222,118,202,303,404,502,603,642,1829700.0
10376,20250425,101,203,303,403,503,601,64,168640.0
10377,20250715,104,202,303,404,501,603,921,2712345.0
10378,20260516,103,203,302,402,503,601,21,62370.0
10379,20260508,105,203,301,402,501,601,666,2997000.0
10380,20250316,118,201,301,404,503,603,409,1165650.0
10381,20260217,102,203,304,404,501,603,917,2526335.0
10382,20260111,112,202,305,403,502,602,657,4746825.0
10383,20260224,119,203,305,403,501,601,989,2101625.0
10384,20251004,118,202,304,404,501,601,524,1493400.0
10385,20260129,105,203,302,402,502,602,665,2992500.0
10386,20260402,114,201,301,401,503,601,551,2479500.0
10387,20250711,105,202,303,404,503,601,246,1168500.0
10388,20250409,102,202,301,403,501,602,288,709920.0
10389,20250406,110,202,304,403,502,603,357,3337950.0
10390,20250709,112,203,301,404,503,602,636,5135700.0
10391,20250206,102,201,303,403,502,602,113,278545.0
10392,20260104,112,201,305,402,502,603,639,4888350.0
10393,20260609,107,201,304,403,503,603,526,2235500.0
10394,20251006,108,201,302,401,501,602,989,11373500.0
10395,20250805,104,203,301,401,502,603,881,2731100.0
10396,20250930,112,202,301,402,502,602,257,1966050.0
10397,20250303,118,204,302,403,501,603,373,951150.0
10398,20251208,114,201,302,403,501,602,330,1262250.0
10399,20260201,120,204,303,404,503,602,642,1524750.0
10400,20250119,105,203,301,401,501,601,295,1475000.0
10401,20250626,108,203,304,404,503,601,158,1726150.0
10402,20260131,106,204,301,404,503,601,93,441750.0
10403,20260321,106,202,303,403,502,601,975,4143750.0
10404,20250821,114,204,304,401,501,603,415,1867500.0
10405,20250317,101,203,304,404,501,603,987,2906715.0
10406,20250922,106,204,304,403,502,602,465,1976250.0
10407,20260331,111,201,303,402,502,603,752,5752800.0
10408,20260119,114,201,301,401,501,601,809,3640500.0
10409,20260521,108,202,305,403,503,602,170,1661750.0
10410,20260102,109,204,304,402,501,603,793,8207550.0
10411,20250524,106,204,302,404,501,601,469,2227750.0
10412,20250310,104,204,303,404,502,601,559,1646255.0
10413,20250409,113,204,304,404,503,602,509,2659525.0
10414,20260131,102,202,303,402,502,601,747,1949670.0
10415,20250125,116,203,302,402,501,601,518,5827500.0
10416,20260414,108,202,304,404,503,601,663,7243275.0
10417,20260429,107,203,301,404,502,603,813,3861750.0
10418,20250531,115,203,303,402,503,602,490,2646000.0
10419,20250524,112,203,304,403,503,602,672,4855200.0
10420,20250208,110,204,304,401,503,603,123,1353000.0
10421,20250419,108,202,303,404,501,602,758,8281150.0
10422,20250211,108,203,302,402,502,603,587,6075450.0
10423,20250705,101,201,303,403,502,603,370,974950.0
10424,20260202,107,203,305,403,501,603,350,1487500.0
10425,20250811,113,202,301,403,503,603,779,3641825.0
10426,20250513,111,204,302,404,502,602,996,8042700.0
10427,20250612,109,201,301,402,501,602,770,7969500.0
10428,20250803,103,203,301,401,502,603,978,3227400.0
10429,20250823,109,204,303,402,503,603,458,4740300.0
10430,20250109,112,202,305,402,502,602,852,6517800.0
10431,20250315,117,202,304,403,503,603,844,2869600.0
10432,20260507,113,201,305,401,503,603,189,1039500.0
10433,20250910,118,201,302,404,501,603,711,2026350.0
10434,20250818,111,203,305,404,503,603,416,3359200.0
10435,20260603,101,204,301,403,501,602,675,1778625.0
10436,20250623,104,204,304,404,502,602,205,603725.0
10437,20250617,109,202,305,402,503,601,475,4916250.0
10438,20250619,106,202,304,403,502,601,320,1360000.0
10439,20260128,119,203,305,401,503,601,271,677500.0
10440,20250713,109,203,304,402,501,601,428,4429800.0
10441,20260601,102,202,305,401,502,601,415,1203500.0
10442,20250129,104,202,302,401,502,601,948,2938800.0
10443,20250614,120,204,304,402,502,601,152,342000.0
10444,20260226,114,204,303,401,503,603,351,1579500.0
10445,20251205,112,204,301,403,503,601,325,2348125.0
10446,20260511,111,203,304,403,503,601,110,794750.0
10447,20251231,114,204,301,402,503,601,253,1024650.0
10448,20251208,120,201,305,404,501,602,499,1185125.0
10449,20260515,117,201,305,401,503,603,21,84000.0
10450,20260526,104,204,305,402,501,601,248,691920.0
10451,20251123,113,204,305,401,503,603,570,3135000.0
10452,20250805,119,202,305,402,502,601,51,114750.0
10453,20251028,107,202,302,401,503,602,687,3435000.0
10454,20250512,109,203,301,404,501,603,603,6587775.0
10455,20250311,102,201,304,402,503,603,438,1143180.0
10456,20250909,114,201,302,403,503,601,812,3105900.0
10457,20260219,101,203,302,404,502,601,167,491815.0
10458,20260321,117,204,302,403,501,602,225,765000.0
10459,20250701,118,204,302,404,501,602,679,1935150.0
10460,20250616,107,203,302,403,502,601,471,2001750.0
10461,20250401,112,201,301,404,502,602,143,1154725.0
10462,20260615,114,201,304,401,502,602,76,342000.0
10463,20250208,103,204,301,403,503,601,857,2403885.0
10464,20250506,111,202,304,401,501,601,16,136000.0
10465,20260327,120,203,302,402,502,601,957,2153250.0
10466,20250622,111,203,302,401,502,601,535,4547500.0
10467,20250808,104,204,305,403,501,603,82,216070.0
10468,20250227,110,203,303,404,503,603,408,4263600.0
10469,20260421,117,201,303,401,503,602,414,1656000.0
10470,20260401,110,204,301,404,503,602,684,7147800.0
10471,20251227,114,201,301,402,501,602,587,2377350.0
10472,20250101,111,202,304,402,503,601,868,6640200.0
10473,20260122,113,203,305,403,503,602,139,649825.0
10474,20251214,110,203,304,404,501,603,940,9823000.0
10475,20250709,118,201,305,401,501,601,475,1425000.0
10476,20260520,105,204,303,401,502,601,215,1075000.0
10477,20250710,107,204,303,402,501,602,797,3586500.0
10478,20260523,114,203,305,404,503,603,987,4219425.0
10479,20260104,113,201,304,404,501,602,777,4059825.0
10480,20260213,106,202,301,402,503,601,275,1237500.0
10481,20250427,120,201,305,401,502,602,546,1365000.0
10482,20250514,119,204,305,402,503,601,971,2184750.0
10483,20250227,110,203,305,404,503,601,802,8380900.0
10484,20250622,113,203,304,401,503,603,262,1441000.0
10485,20250529,118,203,301,402,501,603,831,2243700.0
10486,20250321,101,202,304,404,503,602,298,877610.0
10487,20250801,110,202,302,404,501,602,173,1807850.0
10488,20250722,110,204,302,403,502,602,104,972400.0
10489,20250817,107,201,305,403,502,603,791,3361750.0
10490,20250815,114,201,305,402,502,603,842,3410100.0
10491,20260616,119,201,305,401,503,603,119,297500.0
10492,20260317,120,202,301,401,503,603,345,862500.0
10493,20260206,111,203,301,403,502,603,831,6003975.0
10494,20250216,115,204,305,404,502,602,247,1407900.0
10495,20250821,115,204,301,403,501,601,390,1989000.0
10496,20251101,115,202,303,402,501,602,445,2403000.0
10497,20260610,107,202,305,403,502,602,908,3859000.0
10498,20250523,117,203,303,401,502,602,492,1968000.0
10499,20260219,116,203,304,402,502,603,946,10642500.0
10500,20260528,106,202,303,401,502,603,911,4555000.0
10501,20260108,103,204,304,402,503,603,34,100980.0
10502,20250916,110,203,304,404,503,603,662,6917900.0
10503,20260416,117,203,305,403,501,603,126,428400.0
10504,20250112,120,204,305,401,502,602,491,1227500.0
10505,20251126,111,203,304,402,503,601,401,3067650.0
10506,20251224,103,204,301,403,503,603,926,2597430.0
10507,20260212,108,201,302,401,503,601,973,11189500.0
10508,20260108,110,203,303,404,503,603,546,5705700.0
10509,20250108,108,203,304,402,502,601,88,910800.0
10510,20250502,107,201,302,401,502,602,589,2945000.0
10511,20251214,105,204,305,401,503,603,182,910000.0
10512,20250331,101,203,305,404,502,602,965,2841925.0
10513,20251112,102,201,304,402,503,603,21,54810.0
10514,20250627,108,204,301,403,503,601,809,7907975.0
10515,20260624,116,203,304,401,501,602,137,1712500.0
10516,20250210,120,202,303,402,501,603,617,1388250.0
10517,20260517,103,201,302,402,502,602,101,299970.0
10518,20250525,115,204,301,404,501,602,662,3773400.0
10519,20250720,114,202,304,401,501,601,552,2484000.0
10520,20260406,119,204,303,403,502,602,855,1816875.0
10521,20250910,107,202,303,401,501,603,541,2705000.0
10522,20260125,113,202,301,401,502,603,667,3668500.0
10523,20250913,116,201,303,403,501,602,998,10603750.0
10524,20260326,113,201,303,402,501,602,837,4143150.0
10525,20250110,108,202,303,401,501,603,456,5244000.0
10526,20250830,105,201,303,402,502,602,399,1795500.0
10527,20250908,101,204,304,404,501,601,681,2005545.0
10528,20250105,104,203,301,402,503,601,870,2427300.0
10529,20250429,114,204,302,403,501,602,52,198900.0
10530,20260109,108,202,302,403,502,603,263,2570825.0
10531,20250306,106,204,303,404,501,601,139,660250.0
10532,20250526,117,202,304,402,501,602,69,248400.0
10533,20250812,115,204,303,401,503,602,672,4032000.0
10534,20250827,102,204,303,404,503,602,476,1311380.0
10535,20250626,118,201,304,403,501,601,296,754800.0
10536,20251009,108,202,305,402,502,603,526,5444100.0
10537,20250304,104,202,301,403,502,601,476,1254260.0
10538,20250805,115,203,302,401,503,603,939,5634000.0
10539,20260406,105,204,304,404,503,603,787,3738250.0
10540,20250415,115,204,302,404,501,602,354,2017800.0
10541,20250409,117,203,304,403,502,603,651,2213400.0
10542,20260526,118,202,304,404,502,603,391,1114350.0
10543,20260120,120,204,305,402,502,603,788,1773000.0
10544,20260209,111,203,303,402,502,602,699,5347350.0
10545,20260602,115,203,301,403,503,601,262,1336200.0
10546,20260421,120,203,305,403,503,602,936,1989000.0
10547,20260313,117,204,302,404,501,603,65,247000.0
10548,20250123,114,202,301,403,502,603,472,1805400.0
10549,20260403,118,202,303,402,501,602,466,1258200.0
10550,20250324,115,203,305,401,501,602,992,5952000.0
10551,20250525,106,203,304,402,501,603,92,414000.0
10552,20250326,116,202,302,404,501,603,914,10853750.0
10553,20250319,115,203,305,403,503,603,108,550800.0
10554,20260402,109,203,305,403,503,602,158,1544450.0
10555,20250101,108,202,301,403,502,602,338,3303950.0
10556,20250220,109,204,302,404,502,601,165,1802625.0
10557,20260322,117,203,302,401,503,603,199,796000.0
10558,20260325,116,204,302,404,502,601,503,5973125.0
10559,20260503,108,203,301,402,503,602,892,9232200.0
10560,20250203,109,203,302,401,503,603,272,3128000.0
10561,20251214,115,203,301,403,502,603,89,453900.0
10562,20250405,103,201,304,402,502,601,409,1214730.0
10563,20250313,110,204,301,403,503,603,773,7227550.0
10564,20250603,108,204,303,401,503,602,618,7107000.0
10565,20250907,109,203,302,404,503,601,269,2938825.0
10566,20260314,111,202,303,402,503,601,781,5974650.0
10567,20250428,111,203,303,404,503,601,624,5038800.0
10568,20251102,118,201,304,402,502,601,561,1514700.0
10569,20250925,103,203,305,403,502,603,794,2227170.0
10570,20250223,105,201,304,403,502,602,110,467500.0
10571,20250824,105,203,301,404,503,601,368,1748000.0
10572,20260124,108,204,301,403,501,602,389,3802475.0
10573,20260205,113,203,302,401,502,602,829,4559500.0
10574,20251030,105,204,303,401,501,602,230,1150000.0
10575,20250726,107,202,304,401,502,601,829,4145000.0
10576,20250817,103,202,305,401,501,601,429,1415700.0
10577,20250316,114,203,304,402,502,603,133,538650.0
10578,20260311,114,203,302,402,502,601,431,1745550.0
10579,20250413,111,202,304,401,502,601,240,2040000.0
10580,20260226,118,201,305,402,501,602,699,1887300.0
10581,20251102,115,202,305,401,501,602,72,432000.0
10582,20250408,114,202,303,404,502,602,494,2111850.0
10583,20251201,102,201,303,402,502,603,637,1662570.0
10584,20260311,107,202,302,401,502,601,712,3560000.0
10585,20260323,114,202,303,401,501,601,583,2623500.0
10586,20251104,113,201,301,404,503,603,777,4059825.0
10587,20250906,119,201,303,404,501,601,492,1168500.0
10588,20250615,101,204,301,403,503,601,528,1391280.0
10589,20260426,119,203,304,401,503,602,164,410000.0
10590,20251201,113,204,301,403,502,602,101,472175.0
10591,20250416,116,201,302,402,501,601,991,11148750.0
10592,20250322,101,202,305,401,501,603,535,1658500.0
10593,20250513,112,201,302,401,503,601,464,3944000.0
10594,20250518,110,202,302,402,503,601,750,7425000.0
10595,20250703,113,204,302,404,503,603,607,3171575.0
10596,20260205,114,204,302,401,501,601,654,2943000.0
10597,20251126,118,204,303,404,501,602,519,1479150.0
10598,20260523,118,202,304,401,501,602,192,576000.0
10599,20250310,120,203,305,403,501,602,395,839375.0
10600,20250222,108,203,301,404,501,602,583,6369275.0
10601,20260326,116,203,301,403,502,601,740,7862500.0
10602,20250724,108,201,304,401,503,603,414,4761000.0
10603,20250506,109,201,302,403,501,602,255,2492625.0
10604,20250212,114,202,302,401,502,601,751,3379500.0
10605,20250421,116,201,305,401,502,603,600,7500000.0
10606,20250702,101,202,301,403,502,603,670,1765450.0
10607,20250405,113,204,302,401,501,603,659,3624500.0
10608,20260109,111,202,303,402,501,603,480,3672000.0
10609,20260604,113,201,305,401,503,601,835,4592500.0
10610,20251226,106,204,303,401,503,603,897,4485000.0
10611,20251008,115,204,303,402,501,601,432,2332800.0
10612,20250714,105,202,304,404,503,602,910,4322500.0
10613,20250714,120,203,304,402,502,602,74,166500.0
10614,20250403,118,201,303,402,502,601,22,59400.0
10615,20250302,101,201,304,402,501,601,222,619380.0
10616,20250220,113,203,303,402,502,603,995,4925250.0
10617,20260207,119,201,302,404,502,603,251,596125.0
10618,20250105,119,203,304,401,503,601,502,1255000.0
10619,20260411,101,203,303,403,501,603,222,584970.0
10620,20260618,103,204,305,404,503,601,702,2200770.0
10621,20260209,114,204,305,404,502,603,347,1483425.0
10622,20260528,105,202,304,401,501,601,182,910000.0
10623,20250821,115,204,305,402,501,601,681,3677400.0
10624,20260608,106,203,301,402,502,603,173,778500.0
10625,20251212,102,202,301,404,502,601,474,1305870.0
10626,20250215,109,201,305,403,501,601,506,4946150.0
10627,20250319,113,203,303,402,502,602,709,3509550.0
10628,20250314,111,202,305,404,502,601,404,3262300.0
10629,20250906,107,204,305,403,501,603,712,3026000.0
10630,20250216,115,203,305,403,501,602,926,4722600.0
10631,20250501,111,202,303,403,503,603,317,2290325.0
10632,20250802,111,201,303,403,503,602,777,5613825.0
10633,20250827,113,203,301,404,503,603,192,1003200.0
10634,20250225,109,203,304,404,502,602,638,6970150.0
10635,20251216,114,202,301,403,503,603,803,3071475.0
10636,20250417,109,202,303,402,503,601,519,5371650.0
10637,20250217,103,204,303,402,502,601,717,2129490.0
10638,20251203,116,204,303,404,502,603,555,6590625.0
10639,20250126,101,203,303,403,502,602,573,1509855.0
10640,20250914,118,201,303,403,503,602,633,1614150.0
10641,20250108,102,204,303,404,503,601,773,2129615.0
10642,20250910,112,201,302,404,501,601,603,4869225.0
10643,20251030,108,202,302,404,503,601,753,8226525.0
10644,20250225,103,202,305,401,503,602,236,778800.0
10645,20260610,102,204,302,401,502,602,754,2186600.0
10646,20260419,101,203,301,403,502,601,742,1955170.0
10647,20250128,108,202,305,401,503,601,445,5117500.0
10648,20250319,107,201,304,402,501,602,934,4203000.0
10649,20250804,101,203,303,403,503,602,431,1135685.0
10650,20260121,120,204,302,401,502,602,563,1407500.0
10651,20251231,105,202,301,403,501,603,30,127500.0
10652,20260610,108,204,304,402,501,601,563,5827050.0
10653,20251108,105,203,303,402,503,601,406,1827000.0
10654,20250107,116,203,303,403,503,602,634,6736250.0
10655,20250103,104,203,304,401,501,602,114,353400.0
10656,20251229,119,201,304,403,502,603,201,427125.0
10657,20260523,107,203,304,402,501,602,26,117000.0
10658,20251001,115,203,301,401,502,602,129,774000.0
10659,20260521,109,202,305,401,503,603,402,4623000.0
10660,20250115,112,201,305,404,501,603,434,3504550.0
10661,20250711,106,201,302,403,502,601,138,586500.0
10662,20260430,120,204,303,402,502,601,139,312750.0
10663,20250128,120,203,302,402,501,603,581,1307250.0
10664,20250208,104,202,305,403,502,602,569,1499315.0
10665,20250930,106,204,304,403,501,601,38,161500.0
10666,20250819,110,203,303,402,503,601,106,1049400.0
10667,20250327,104,201,305,402,503,602,19,53010.0
10668,20260419,119,203,303,403,501,602,251,533375.0
10669,20250506,101,203,302,403,503,602,835,2200225.0
10670,20260621,110,202,305,401,503,602,965,10615000.0
10671,20250525,119,202,302,404,501,603,241,572375.0
10672,20260609,113,202,303,402,502,603,798,3950100.0
10673,20250731,113,204,301,401,501,602,293,1611500.0
10674,20250125,107,202,304,403,501,601,724,3077000.0
10675,20260129,103,204,302,404,501,602,768,2407680.0
10676,20250308,119,203,303,402,503,601,811,1824750.0
10677,20250821,108,204,305,404,502,601,785,8576125.0
10678,20250419,104,204,302,401,503,603,964,2988400.0
10679,20250526,110,202,303,403,503,603,735,6872250.0
10680,20250421,120,202,301,401,501,601,209,522500.0
10681,20250816,104,201,302,404,503,601,954,2809530.0
10682,20250421,119,204,303,401,502,602,88,220000.0
10683,20260415,102,203,302,401,501,602,922,2673800.0
10684,20250203,112,201,303,403,502,602,965,6972125.0
10685,20260104,118,201,304,403,502,601,864,2203200.0
10686,20260301,114,201,303,404,503,602,865,3697875.0
10687,20260602,112,202,303,404,503,601,182,1469650.0
10688,20251009,103,202,303,401,503,602,476,1570800.0
10689,20251116,117,202,305,402,501,601,590,2124000.0
10690,20260319,111,203,303,401,503,603,425,3612500.0
10691,20251111,101,204,304,404,502,603,949,2794805.0
10692,20260112,114,201,301,401,502,601,458,2061000.0
10693,20251016,116,202,304,403,501,603,96,1020000.0
10694,20260313,104,204,301,401,503,601,110,341000.0
10695,20251004,114,201,305,403,502,603,17,65025.0
10696,20260518,112,204,305,402,502,603,854,6533100.0
10697,20260531,115,201,305,403,502,603,209,1065900.0
10698,20251216,105,204,301,402,502,603,514,2313000.0
10699,20260322,114,202,304,402,501,602,96,388800.0
10700,20251216,106,204,302,401,502,602,52,260000.0
10701,20250517,117,204,305,404,502,602,394,1497200.0
10702,20250831,109,201,301,404,502,603,630,6882750.0
10703,20250209,120,204,304,401,502,603,444,1110000.0
10704,20250817,118,203,305,402,502,603,417,1125900.0
10705,20250811,116,201,303,404,503,602,492,5842500.0
10706,20250106,115,204,304,403,501,603,673,3432300.0
10707,20251118,114,203,301,404,501,603,26,111150.0
10708,20260413,119,201,302,402,503,602,654,1471500.0
10709,20250316,109,202,302,402,502,602,157,1624950.0
10710,20250104,111,201,302,403,503,601,286,2066350.0
10711,20250428,108,201,303,401,502,602,241,2771500.0
10712,20260519,103,204,304,404,502,603,835,2617725.0
10713,20260317,109,203,305,401,502,603,936,10764000.0
10714,20250713,115,201,304,404,501,601,375,2137500.0
10715,20260127,108,201,302,403,503,603,237,2316675.0
10716,20250126,115,201,303,401,502,602,660,3960000.0
10717,20260311,119,204,302,404,503,602,445,1056875.0
10718,20250622,120,201,301,404,502,603,408,969000.0
10719,20251027,113,203,304,402,501,601,220,1089000.0
10720,20251122,111,204,303,402,503,603,400,3060000.0
10721,20260214,101,202,302,404,503,603,508,1496060.0
10722,20250428,116,202,303,402,501,603,549,6176250.0
10723,20250813,111,204,301,404,501,603,572,4618900.0
10724,20260616,106,203,301,404,501,602,500,2375000.0
10725,20250423,116,204,304,402,502,603,451,5073750.0
10726,20250520,107,204,303,402,502,602,270,1215000.0
10727,20250101,112,204,302,402,503,603,782,5982300.0
10728,20250331,109,204,302,401,502,602,359,4128500.0
10729,20251116,111,201,305,403,501,601,361,2608225.0
10730,20250519,109,202,302,404,503,602,529,5779325.0
10731,20260526,120,203,304,403,502,601,329,699125.0
10732,20250916,109,201,301,401,501,601,147,1690500.0
10733,20250110,118,202,302,401,501,603,559,1677000.0
10734,20250918,101,204,305,404,502,602,632,1861240.0
10735,20250621,117,202,304,404,503,602,377,1432600.0
10736,20250113,107,202,304,403,502,603,229,973250.0
10737,20250617,103,201,304,403,502,603,346,970530.0
10738,20251117,108,201,304,402,501,603,232,2401200.0
10739,20251115,114,203,304,403,503,601,657,2513025.0
10740,20251125,116,204,304,403,502,603,777,8255625.0
10741,20260223,118,204,301,401,503,603,369,1107000.0
10742,20250405,108,204,301,403,503,602,930,9090750.0
10743,20251114,116,202,305,402,501,601,338,3802500.0
10744,20250824,116,202,302,403,501,601,971,10316875.0
10745,20251130,115,204,303,404,501,603,472,2690400.0
10746,20260111,101,203,301,402,502,603,955,2664450.0
10747,20260404,103,202,303,404,502,602,972,3047220.0
10748,20250517,110,203,305,401,503,603,570,6270000.0
10749,20260528,108,202,302,402,502,602,813,8414550.0
10750,20251023,113,201,301,402,501,603,391,1935450.0
10751,20251116,108,201,301,403,502,601,845,8259875.0
10752,20251215,110,204,302,402,503,601,599,5930100.0
10753,20250817,119,201,302,401,502,601,626,1565000.0
10754,20250927,112,202,303,401,502,603,178,1513000.0
10755,20251018,116,202,303,401,503,603,226,2825000.0
10756,20250614,118,201,302,402,503,602,387,1044900.0
10757,20250105,117,201,301,402,502,601,128,460800.0
10758,20260114,112,201,304,403,501,602,199,1437775.0
10759,20250319,114,204,305,401,501,603,776,3492000.0
10760,20260214,118,201,305,403,501,602,379,966450.0
10761,20250512,111,202,303,401,501,603,787,6689500.0
10762,20250211,112,201,302,403,502,601,158,1141550.0
10763,20250330,115,204,301,404,502,603,685,3904500.0
10764,20260206,109,204,301,404,503,601,661,7221425.0
10765,20251023,110,202,303,401,503,602,868,9548000.0
10766,20251022,109,202,303,403,502,602,497,4858175.0
10767,20260610,108,201,304,402,501,603,779,8062650.0
10768,20260226,104,202,305,402,503,603,383,1068570.0
10769,20250123,107,203,305,402,503,602,790,3555000.0
10770,20250523,111,202,305,403,502,601,702,5071950.0
10771,20250525,104,203,303,404,502,601,169,497705.0
10772,20250813,118,203,304,402,501,603,360,972000.0
10773,20260518,106,202,302,401,502,601,921,4605000.0
10774,20250414,107,203,303,404,503,602,297,1410750.0
10775,20250208,107,202,304,401,503,602,297,1485000.0
10776,20250717,116,202,303,403,501,603,901,9573125.0
10777,20260126,109,204,302,402,501,603,235,2432250.0
10778,20250628,119,203,302,401,501,601,532,1330000.0
10779,20260324,117,203,304,403,502,602,531,1805400.0
10780,20260515,120,201,301,402,502,602,792,1782000.0
10781,20250115,110,202,302,403,501,601,282,2636700.0
10782,20251016,104,204,302,401,503,603,945,2929500.0
10783,20260423,107,204,302,404,503,603,411,1952250.0
10784,20250819,110,201,302,401,502,603,192,2112000.0
10785,20260224,108,203,301,401,503,603,978,11247000.0
10786,20250606,112,204,305,404,502,603,674,5442550.0
10787,20260317,106,203,305,403,503,603,497,2112250.0
10788,20250407,110,204,302,403,502,603,836,7816600.0
10789,20260215,101,204,301,401,502,603,855,2650500.0
10790,20251016,118,202,303,401,503,601,133,399000.0
10791,20250911,105,203,301,403,503,602,994,4224500.0
10792,20250715,109,204,304,404,502,602,635,6937375.0
10793,20260606,102,202,303,402,503,602,799,2085390.0
10794,20260601,102,204,305,404,501,603,423,1165365.0
10795,20250428,118,202,305,401,502,603,989,2967000.0
10796,20250608,110,202,301,403,503,603,734,6862900.0
10797,20250816,105,203,305,404,503,603,181,859750.0
10798,20250804,116,202,301,401,503,601,297,3712500.0
10799,20250115,104,204,301,402,501,603,444,1238760.0
10800,20250606,101,201,301,402,502,602,695,1939050.0
10801,20250918,119,204,301,404,501,603,122,289750.0
10802,20250606,110,204,301,401,503,603,897,9867000.0
10803,20250216,116,202,304,401,501,601,926,11575000.0
10804,20251120,116,204,304,402,501,601,131,1473750.0
10805,20250510,115,202,304,403,502,602,553,2820300.0
10806,20260215,111,203,301,403,502,603,231,1668975.0
10807,20250405,106,202,305,404,503,603,640,3040000.0
10808,20251019,102,203,303,404,501,601,48,132240.0
10809,20251010,109,201,304,402,502,602,506,5237100.0
10810,20250310,116,204,302,401,501,602,789,9862500.0
10811,20250111,104,203,302,403,501,601,242,637670.0
10812,20250911,103,201,301,403,502,601,952,2670360.0
10813,20250514,113,202,303,403,502,603,539,2519825.0
10814,20250123,116,201,304,403,502,602,158,1678750.0
10815,20251212,103,203,301,402,503,602,406,1205820.0
10816,20251029,119,204,305,403,502,601,670,1423750.0
10817,20251229,102,201,303,401,501,601,647,1876300.0
10818,20260131,105,201,305,403,502,601,913,3880250.0
10819,20250806,105,202,305,404,502,602,311,1477250.0
10820,20250521,119,202,302,401,503,601,369,922500.0
10821,20250729,110,204,304,403,503,602,247,2309450.0
10822,20260405,103,202,301,402,501,601,656,1948320.0
10823,20251222,108,203,305,402,503,602,672,6955200.0
10824,20251120,104,203,305,403,501,601,245,645575.0
10825,20250513,118,201,301,404,503,602,745,2123250.0
10826,20250507,114,202,303,402,501,603,212,858600.0
10827,20250416,120,202,301,401,501,603,265,662500.0
10828,20260113,120,201,301,404,503,602,607,1441625.0
10829,20250220,120,204,304,402,501,603,671,1509750.0
10830,20250129,108,202,302,404,503,603,244,2665700.0
10831,20260407,117,202,305,402,502,603,354,1274400.0
10832,20251023,113,204,302,402,502,602,543,2687850.0
10833,20251024,115,202,303,404,503,602,869,4953300.0
10834,20260211,115,203,305,403,502,603,806,4110600.0
10835,20260209,110,203,302,403,502,602,790,7386500.0
10836,20251212,119,204,303,404,503,603,475,1128125.0
10837,20260224,114,204,304,402,503,602,779,3154950.0
10838,20250701,110,203,303,402,503,602,550,5445000.0
10839,20250101,119,203,302,402,502,603,222,499500.0
10840,20260106,120,203,301,402,501,602,472,1062000.0
10841,20260307,102,203,305,402,503,603,445,1161450.0
10842,20251105,120,204,304,403,503,602,292,620500.0
10843,20250517,104,204,302,402,502,601,571,1593090.0
10844,20250721,107,201,304,404,501,601,616,2926000.0
10845,20260312,107,204,303,402,501,603,472,2124000.0
10846,20251109,109,203,302,402,501,601,416,4305600.0
10847,20250427,103,202,301,403,503,602,97,272085.0
10848,20250901,106,203,301,401,502,603,53,265000.0
10849,20260621,108,203,301,401,502,602,470,5405000.0
10850,20250316,106,204,301,402,502,601,287,1291500.0
10851,20260121,118,201,305,403,502,603,692,1764600.0
10852,20250729,103,202,304,402,502,603,430,1277100.0
10853,20260420,106,202,302,401,501,603,710,3550000.0
10854,20260222,101,201,301,403,501,601,362,953870.0
10855,20251213,114,203,305,404,501,603,705,3013875.0
10856,20260613,115,204,301,404,501,601,524,2986800.0
10857,20250628,120,203,301,403,503,602,712,1513000.0
10858,20250701,116,202,303,404,501,602,639,7588125.0
10859,20250125,110,202,302,403,501,601,28,261800.0
10860,20250629,102,203,304,402,503,603,32,83520.0
10861,20260516,108,202,303,402,503,601,422,4367700.0
10862,20250610,110,204,303,401,503,603,39,429000.0
10863,20250626,110,202,304,402,503,602,816,8078400.0
10864,20251012,115,204,301,402,503,601,117,631800.0
10865,20250304,103,203,301,401,503,603,376,1240800.0
10866,20250605,108,203,302,403,503,602,290,2834750.0
10867,20260414,109,204,301,402,503,601,137,1417950.0
10868,20250218,119,204,303,402,501,601,238,535500.0
10869,20250325,107,204,303,402,502,602,120,540000.0
10870,20251227,114,202,303,401,502,603,145,652500.0
10871,20250528,104,203,304,403,501,602,371,977585.0
10872,20251208,118,202,301,401,501,601,195,585000.0
10873,20260421,108,202,301,404,501,603,665,7265125.0
10874,20250304,105,204,301,402,501,601,593,2668500.0
10875,20251226,109,202,301,404,502,601,138,1507650.0
10876,20251123,105,201,302,403,502,602,885,3761250.0
10877,20250521,103,201,302,402,502,602,270,801900.0
10878,20250803,102,201,303,404,503,602,524,1443620.0
10879,20260311,106,201,303,404,502,602,458,2175500.0
10880,20251114,110,201,304,404,501,602,909,9499050.0
10881,20250201,120,204,305,402,502,602,113,254250.0
10882,20251012,119,202,303,402,503,601,492,1107000.0
10883,20251101,110,202,301,402,503,601,233,2306700.0
10884,20260305,115,201,303,402,502,601,841,4541400.0
10885,20260422,104,202,303,401,501,603,883,2737300.0
10886,20251013,115,201,302,404,503,602,875,4987500.0
10887,20250524,110,202,301,401,502,601,500,5500000.0
10888,20260228,113,204,304,403,501,602,482,2253350.0
10889,20250119,109,203,304,404,503,602,19,207575.0
10890,20250118,117,201,304,402,501,601,414,1490400.0
10891,20260106,118,204,303,402,501,601,905,2443500.0
10892,20250624,116,204,304,402,501,603,311,3498750.0
10893,20250713,115,201,304,401,503,602,240,1440000.0
10894,20260517,103,201,304,402,501,601,740,2197800.0
10895,20250423,120,204,302,404,503,601,932,2213500.0
10896,20250424,102,201,301,404,501,603,75,206625.0
10897,20250810,114,201,302,403,502,602,946,3618450.0
10898,20250921,111,203,301,404,501,601,121,977075.0
10899,20250224,120,203,302,402,501,601,22,49500.0
10900,20260403,109,201,301,404,501,602,402,4391850.0
10901,20250611,101,204,304,404,501,602,509,1499005.0
10902,20260115,103,202,305,401,502,603,941,3105300.0
10903,20250328,108,201,304,404,503,602,607,6631475.0
10904,20250224,119,201,305,403,501,603,243,516375.0
10905,20260421,119,202,304,404,501,602,611,1451125.0
10906,20250627,101,202,302,401,501,602,323,1001300.0
10907,20260126,109,202,305,401,502,602,575,6612500.0
10908,20251215,119,203,304,404,502,602,21,49875.0
10909,20250108,102,203,303,404,501,603,218,600590.0
10910,20251109,106,203,305,401,501,603,983,4915000.0
10911,20260319,116,204,301,402,501,601,23,258750.0
10912,20251124,117,201,302,404,501,601,642,2439600.0
10913,20250223,115,203,304,401,503,603,427,2562000.0
10914,20250827,109,204,304,404,503,603,446,4872550.0
10915,20250817,106,204,301,401,503,602,386,1930000.0
10916,20250220,119,202,304,402,501,602,29,65250.0
10917,20250921,114,202,304,403,502,603,596,2279700.0
10918,20260222,116,203,301,404,501,602,921,10936875.0
10919,20250406,103,201,301,404,502,601,764,2395140.0
10920,20250329,116,201,303,403,501,603,744,7905000.0
10921,20250319,112,201,303,403,501,602,79,570775.0
10922,20251015,114,204,301,404,502,601,833,3561075.0
10923,20250430,111,204,305,402,503,603,220,1683000.0
10924,20260506,111,204,305,404,501,603,110,888250.0
10925,20260328,104,204,305,403,501,603,707,1862945.0
10926,20260515,106,201,302,401,501,602,141,705000.0
10927,20250614,111,201,303,402,503,602,632,4834800.0
10928,20250701,114,202,305,404,501,601,390,1667250.0
10929,20260414,116,201,305,404,503,602,141,1674375.0
10930,20250107,110,204,305,401,501,602,29,319000.0
10931,20251126,113,204,301,401,501,603,915,5032500.0
10932,20250531,118,203,304,402,503,601,545,1471500.0
10933,20250326,102,201,302,402,502,603,236,615960.0
10934,20250527,115,201,304,404,501,602,163,929100.0
10935,20260116,103,202,303,404,501,603,814,2551890.0
10936,20251012,111,202,304,403,501,602,751,5425975.0
10937,20250323,109,204,302,404,503,603,478,5222150.0
10938,20260529,111,203,305,401,502,601,831,7063500.0
10939,20260607,104,201,305,402,503,601,880,2455200.0
10940,20260121,113,201,301,404,502,603,414,2163150.0
10941,20260416,117,203,301,402,502,601,211,759600.0
10942,20250429,101,201,302,404,501,603,47,138415.0
10943,20260131,118,202,305,401,503,603,951,2853000.0
10944,20260616,115,203,304,403,503,603,781,3983100.0
10945,20250918,114,201,304,403,503,602,197,753525.0
10946,20250913,102,202,302,402,501,603,66,172260.0
10947,20250814,107,202,301,401,503,603,950,4750000.0
10948,20250222,117,204,304,401,503,601,29,116000.0
10949,20260515,112,201,303,401,501,603,282,2397000.0
10950,20260521,120,203,302,404,501,603,128,304000.0
10951,20251230,116,202,303,403,503,601,592,6290000.0
10952,20251007,115,202,303,401,501,601,525,3150000.0
10953,20250607,102,204,301,404,503,603,230,633650.0
10954,20250228,107,203,305,402,501,603,535,2407500.0
10955,20250508,109,204,302,404,503,603,524,5724700.0
10956,20250425,118,202,305,404,501,601,737,2100450.0
10957,20250728,105,201,304,401,502,603,750,3750000.0
10958,20260610,110,203,304,402,501,603,345,3415500.0
10959,20260605,115,201,302,403,503,601,707,3605700.0
10960,20250825,116,201,301,402,501,602,64,720000.0
10961,20251008,104,204,304,402,503,603,509,1420110.0
10962,20251225,101,202,304,402,501,601,909,2536110.0
10963,20250720,120,201,305,402,501,601,897,2018250.0
10964,20251005,108,203,304,401,503,603,775,8912500.0
10965,20250823,106,204,301,404,503,603,545,2588750.0
10966,20260509,110,203,304,403,502,601,171,1598850.0
10967,20250104,118,201,304,403,502,601,679,1731450.0
10968,20260318,101,203,303,404,503,602,603,1775835.0
10969,20250129,118,204,301,403,503,601,924,2356200.0
10970,20250419,114,204,304,402,501,601,168,680400.0
10971,20250316,103,202,301,401,502,603,197,650100.0
10972,20250526,108,203,301,402,503,603,69,714150.0
10973,20250508,104,204,304,402,501,602,924,2577960.0
10974,20250211,115,204,304,401,501,601,826,4956000.0
10975,20251222,104,202,301,403,502,603,328,864280.0
10976,20250210,105,204,305,401,502,603,887,4435000.0
10977,20250203,116,201,305,404,502,602,220,2612500.0
10978,20250117,110,203,301,404,501,602,415,4336750.0
10979,20250602,117,202,301,404,503,603,673,2557400.0
10980,20260113,109,201,305,401,501,601,118,1357000.0
10981,20251208,114,201,305,404,502,602,85,363375.0
10982,20250127,116,203,303,402,501,601,551,6198750.0
10983,20251014,116,202,305,402,502,602,323,3633750.0
10984,20250617,108,204,305,404,501,602,126,1376550.0
10985,20250925,115,202,302,404,502,601,936,5335200.0
10986,20260331,118,204,304,404,501,602,877,2499450.0
10987,20260205,105,203,303,404,503,601,713,3386750.0
10988,20260421,113,203,303,401,501,603,28,154000.0
10989,20250510,107,201,301,401,502,602,441,2205000.0
10990,20251229,120,201,302,402,502,602,694,1561500.0
10991,20251019,117,201,304,403,503,602,749,2546600.0
10992,20260106,105,203,303,402,502,601,359,1615500.0
10993,20250129,103,204,305,401,503,601,192,633600.0
10994,20250529,109,203,305,402,503,601,122,1262700.0
10995,20251023,114,203,305,402,501,603,192,777600.0
10996,20250111,111,201,304,401,501,601,490,4165000.0
10997,20260527,117,202,303,403,502,602,155,527000.0
10998,20250423,109,201,304,401,502,601,840,9660000.0
10999,20250706,101,202,301,402,501,601,637,1777230.0
11000,20250815,110,204,301,401,502,602,122,1342000.0
11001,20251106,110,204,302,403,502,601,772,7218200.0
11002,20250408,119,204,301,403,502,601,485,1030625.0
11003,20250224,119,201,303,401,503,602,772,1930000.0
11004,20260210,116,201,303,401,503,602,312,3900000.0
11005,20250310,105,201,303,401,502,603,980,4900000.0
11006,20251108,115,203,305,404,503,601,834,4753800.0
11007,20251016,118,201,305,402,502,601,127,342900.0
11008,20250528,116,203,303,402,501,603,822,9247500.0
11009,20260412,112,204,301,403,503,602,170,1228250.0
11010,20250901,111,201,301,402,502,601,410,3136500.0
11011,20260506,118,203,302,404,502,601,207,589950.0
11012,20260522,118,204,304,403,502,603,269,685950.0
11013,20251231,113,204,302,401,501,601,669,3679500.0
11014,20260427,115,201,304,401,501,602,761,4566000.0
11015,20250720,111,202,301,403,502,602,56,404600.0
11016,20250603,107,202,303,403,503,601,996,4233000.0
11017,20260326,108,204,305,403,502,602,408,3988200.0
11018,20260516,119,202,302,404,501,601,719,1707625.0
11019,20250314,113,202,302,401,501,602,568,3124000.0
11020,20251023,108,203,301,404,503,602,87,950475.0
11021,20250117,114,203,304,401,502,602,133,598500.0
11022,20250805,102,203,302,403,503,602,84,207060.0
11023,20250302,111,204,304,404,501,601,880,7106000.0
11024,20250211,116,202,302,402,502,601,146,1642500.0
11025,20250125,113,201,303,401,502,601,611,3360500.0
11026,20250208,113,202,301,403,503,601,409,1912075.0
11027,20250511,105,204,304,403,503,603,846,3595500.0
11028,20260513,116,203,301,404,503,603,514,6103750.0
11029,20250817,102,204,305,402,501,601,509,1328490.0
11030,20250418,105,203,301,402,501,602,582,2619000.0
11031,20250621,117,204,304,401,501,603,147,588000.0
11032,20260311,119,201,304,401,502,603,59,147500.0
11033,20260423,111,203,305,401,502,602,780,6630000.0
11034,20250412,104,203,305,404,503,601,982,2891990.0
11035,20260608,115,202,302,403,503,602,628,3202800.0
11036,20251002,104,204,304,404,501,601,634,1867130.0
11037,20250213,117,202,301,403,503,602,871,2961400.0
11038,20250117,115,204,305,403,501,602,263,1341300.0
11039,20251126,101,201,301,403,501,603,639,1683765.0
11040,20260512,105,202,305,402,502,602,719,3235500.0
11041,20250112,114,203,304,404,501,601,858,3667950.0
11042,20251114,105,201,305,404,502,602,886,4208500.0
11043,20250804,103,204,304,404,501,601,572,1793220.0
11044,20251205,116,203,305,402,503,602,766,8617500.0
11045,20250322,109,204,302,402,502,603,924,9563400.0
11046,20260430,111,203,305,403,501,601,435,3142875.0
11047,20260109,120,204,302,402,501,601,556,1251000.0
11048,20250719,113,203,302,401,502,602,311,1710500.0
11049,20260621,103,204,301,401,503,603,931,3072300.0
11050,20260411,111,202,304,401,502,603,590,5015000.0
11051,20250330,118,203,305,404,502,603,358,1020300.0
11052,20250925,113,203,305,401,503,601,841,4625500.0
11053,20260504,111,202,303,402,503,601,942,7206300.0
11054,20260622,116,204,305,404,503,603,989,11744375.0
11055,20250216,118,203,304,404,502,603,58,165300.0
11056,20251015,102,202,304,401,503,601,926,2685400.0
11057,20250116,120,204,305,403,502,602,83,176375.0
11058,20260205,103,203,302,403,502,603,713,1999965.0
11059,20250327,108,203,303,402,502,602,270,2794500.0
11060,20250907,110,204,304,401,503,602,365,4015000.0
11061,20260126,108,202,303,402,503,601,591,6116850.0
11062,20251201,103,203,303,403,502,603,611,1713855.0
11063,20260603,114,204,304,403,502,603,269,1028925.0
11064,20250517,104,203,302,401,503,601,647,2005700.0
11065,20260513,104,204,302,403,502,601,752,1981520.0
11066,20260422,115,203,304,403,501,602,304,1550400.0
11067,20250811,106,201,305,403,502,603,940,3995000.0
11068,20260107,110,202,305,401,501,601,650,7150000.0
11069,20260206,101,202,303,401,501,601,801,2483100.0
11070,20260319,102,201,305,403,502,603,322,793730.0
11071,20260505,111,204,303,403,502,602,621,4486725.0
11072,20250930,102,202,305,404,502,603,847,2333485.0
11073,20260610,110,204,302,401,501,602,818,8998000.0
11074,20250608,112,203,302,402,503,601,191,1461150.0
11075,20250601,112,201,302,402,501,601,695,5316750.0
11076,20250707,114,204,305,403,501,602,837,3201525.0
11077,20250408,105,204,303,403,501,603,373,1585250.0
11078,20250511,108,202,303,404,503,602,197,2152225.0
11079,20250620,117,203,302,404,501,603,578,2196400.0
11080,20250702,114,202,302,401,501,601,552,2484000.0
11081,20251230,119,203,305,402,502,601,605,1361250.0
11082,20250208,106,202,305,404,503,601,673,3196750.0
11083,20260611,106,204,303,402,501,602,994,4473000.0
11084,20260512,106,204,301,404,501,602,557,2645750.0
11085,20260531,103,201,303,403,502,603,734,2058870.0
11086,20251215,120,204,305,404,503,602,935,2220625.0
11087,20260201,113,204,304,404,503,603,417,2178825.0
11088,20250610,120,204,305,401,502,602,885,2212500.0
11089,20250116,108,204,305,403,501,602,627,6128925.0
11090,20260508,116,201,304,403,502,603,423,4494375.0
11091,20260302,119,203,305,401,503,601,351,877500.0
11092,20250418,105,201,303,402,503,603,229,1030500.0
11093,20260326,108,201,304,403,501,603,912,8914800.0
11094,20251107,115,202,301,403,501,602,172,877200.0
11095,20250619,109,203,305,401,503,601,960,11040000.0
11096,20260218,115,202,301,402,503,601,229,1236600.0
11097,20250908,109,201,301,403,502,603,279,2727225.0
11098,20250521,101,204,304,401,502,603,641,1987100.0
11099,20251001,115,203,302,403,501,603,915,4666500.0
11100,20260220,110,204,301,404,502,601,857,8955650.0
11101,20250208,118,201,301,402,503,602,409,1104300.0
11102,20250129,106,201,302,404,502,601,191,907250.0
11103,20260422,103,201,303,402,502,602,627,1862190.0
11104,20251114,115,203,302,401,503,603,738,4428000.0
11105,20250902,112,202,303,403,502,601,214,1546150.0
11106,20250929,119,202,303,403,503,601,591,1255875.0
11107,20260316,110,204,302,401,502,603,565,6215000.0
11108,20250827,114,203,301,403,503,603,850,3251250.0
11109,20260112,109,204,303,404,503,602,822,8980350.0
11110,20250923,115,204,302,401,501,602,237,1422000.0
11111,20251225,110,202,305,404,501,601,705,7367250.0
11112,20251206,107,203,301,402,502,603,628,2826000.0
11113,20260124,113,201,303,403,501,603,605,2828375.0
11114,20250103,116,204,304,404,502,602,859,10200625.0
11115,20260305,104,201,301,403,502,603,259,682465.0
11116,20250522,108,203,305,402,502,602,884,9149400.0
11117,20260111,113,204,305,403,502,603,450,2103750.0
11118,20251120,119,201,302,402,502,602,542,1219500.0
11119,20250526,112,201,305,401,502,603,205,1742500.0
11120,20251020,119,202,304,403,501,602,699,1485375.0
11121,20260308,110,203,302,401,501,602,938,10318000.0
11122,20260203,110,203,305,402,501,601,996,9860400.0
11123,20251210,101,203,303,401,503,603,528,1636800.0
11124,20250520,113,204,301,404,503,602,79,412775.0
11125,20250706,109,202,304,401,502,602,648,7452000.0
11126,20250302,101,204,304,404,503,601,408,1201560.0
11127,20260115,119,203,304,402,501,602,987,2220750.0
11128,20260316,102,204,303,402,502,603,681,1777410.0
11129,20251115,120,201,305,403,502,602,769,1634125.0
11130,20251029,116,204,301,404,501,601,212,2517500.0
11131,20251210,110,204,301,403,502,603,157,1467950.0
11132,20250111,108,203,303,403,503,601,481,4701775.0
11133,20250303,120,201,302,402,502,603,664,1494000.0
11134,20250814,112,203,305,401,502,601,953,8100500.0
11135,20250602,108,201,304,402,501,603,208,2152800.0
11136,20251106,107,201,302,402,503,602,926,4167000.0
11137,20250831,120,201,303,401,503,601,435,1087500.0
11138,20260508,109,203,305,404,502,601,675,7374375.0
11139,20260101,105,201,305,404,503,603,501,2379750.0
11140,20251126,104,202,305,401,503,601,897,2780700.0
11141,20250417,102,202,302,401,503,602,905,2624500.0
11142,20250814,110,202,302,403,503,603,151,1411850.0
11143,20250806,115,202,303,401,503,603,322,1932000.0
11144,20260521,102,203,304,401,502,603,174,504600.0
11145,20250916,119,204,302,403,502,602,323,686375.0
11146,20260601,112,204,301,404,503,602,30,242250.0
11147,20250223,105,202,302,401,501,603,91,455000.0
11148,20250216,103,204,302,401,503,601,590,1947000.0
11149,20260605,110,202,305,403,501,603,140,1309000.0
11150,20250409,111,202,301,401,502,603,608,5168000.0
11151,20250120,114,204,304,403,502,601,739,2826675.0
11152,20260505,106,204,301,402,502,603,942,4239000.0
11153,20260223,107,201,304,403,503,601,993,4220250.0
11154,20250303,105,202,303,402,502,603,314,1413000.0
11155,20250525,118,204,305,402,503,602,924,2494800.0
11156,20250804,112,204,303,403,503,603,380,2745500.0
11157,20250103,117,204,302,403,502,601,866,2944400.0
11158,20250609,117,201,302,403,502,602,862,2930800.0
11159,20250430,109,202,305,404,502,602,393,4293525.0
11160,20250330,106,202,303,401,501,603,917,4585000.0
11161,20251125,109,203,301,403,501,602,454,4437850.0
11162,20251223,116,201,303,402,503,602,434,4882500.0
11163,20250924,110,201,304,402,501,601,170,1683000.0
11164,20251119,111,202,302,403,501,603,187,1351075.0
11165,20250714,104,203,301,401,502,601,638,1977800.0
11166,20251128,115,203,302,401,502,601,717,4302000.0
11167,20250619,103,202,303,401,503,602,904,2983200.0
11168,20260605,105,204,305,402,503,602,499,2245500.0
11169,20260408,108,201,301,403,501,601,336,3284400.0
11170,20250209,113,203,305,403,503,602,607,2837725.0
11171,20260621,118,204,303,403,502,601,298,759900.0
11172,20250918,112,203,304,402,502,601,602,4605300.0
11173,20260130,103,204,305,403,501,603,673,1887765.0
11174,20250814,113,204,305,402,502,601,582,2880900.0
11175,20250504,101,201,303,402,502,602,582,1623780.0
11176,20250207,109,203,301,401,502,603,363,4174500.0
11177,20251124,118,203,303,403,502,603,37,94350.0
11178,20250908,104,204,305,403,502,602,963,2537505.0
11179,20250625,115,202,302,404,501,601,52,296400.0
11180,20260330,112,203,302,401,503,601,690,5865000.0
11181,20250206,109,201,305,402,501,603,432,4471200.0
11182,20251112,119,202,301,401,501,603,607,1517500.0
11183,20250424,113,203,305,404,501,602,186,971850.0
11184,20250209,112,201,302,401,503,603,538,4573000.0
11185,20251028,104,202,304,401,502,601,619,1918900.0
11186,20250812,108,203,305,404,503,601,975,10651875.0
11187,20251114,116,201,305,401,501,602,503,6287500.0
11188,20251215,101,202,304,401,503,602,207,641700.0
11189,20250425,120,203,301,404,501,601,619,1470125.0
11190,20251119,118,202,303,404,502,602,586,1670100.0
11191,20250209,111,204,302,402,501,602,851,6510150.0
11192,20250209,120,204,302,404,502,603,862,2047250.0
11193,20251016,108,202,303,403,501,603,526,5141650.0
11194,20250919,103,204,303,403,501,603,523,1467015.0
11195,20250804,115,204,303,403,503,601,31,158100.0
11196,20250527,110,202,303,402,502,601,121,1197900.0
11197,20251202,114,204,302,401,501,601,66,297000.0
11198,20250617,104,202,305,404,502,603,75,220875.0
11199,20250402,105,202,305,402,503,602,851,3829500.0
11200,20251219,102,204,304,401,502,601,107,310300.0
11201,20251229,102,203,305,404,503,602,153,421515.0
11202,20251211,110,202,301,401,503,603,889,9779000.0
11203,20250619,116,202,301,404,502,603,444,5272500.0
11204,20251222,104,203,303,403,502,602,646,1702210.0
11205,20250710,104,204,304,404,501,601,688,2026160.0
11206,20260226,108,201,302,404,503,603,95,1037875.0
11207,20250107,118,203,305,402,502,601,597,1611900.0
11208,20250513,105,201,305,402,503,603,353,1588500.0
11209,20250131,113,204,302,402,501,603,945,4677750.0
11210,20260619,115,202,301,403,502,603,303,1545300.0
11211,20260302,112,202,303,403,502,603,965,6972125.0
11212,20260129,118,204,304,404,503,603,580,1653000.0
11213,20251229,114,204,301,402,502,603,659,2668950.0
11214,20260313,119,204,304,403,502,603,620,1317500.0
11215,20250323,105,204,303,403,503,601,713,3030250.0
11216,20251222,114,204,305,404,501,601,252,1077300.0
11217,20250915,104,204,303,404,502,603,840,2473800.0
11218,20260608,116,204,301,401,501,601,570,7125000.0
11219,20251022,120,202,305,401,503,603,969,2422500.0
11220,20250812,114,201,303,404,503,601,41,175275.0
11221,20260609,109,201,305,401,501,601,400,4600000.0
11222,20250215,102,202,305,403,502,602,286,704990.0
11223,20250423,112,203,304,404,502,603,541,4368575.0
11224,20250821,107,201,304,404,503,601,163,774250.0
11225,20250117,115,203,301,402,503,603,392,2116800.0
11226,20251226,115,202,303,403,502,603,77,392700.0
11227,20250811,108,203,302,403,501,602,887,8670425.0
11228,20260324,112,202,303,402,503,601,893,6831450.0
11229,20251231,104,204,305,401,502,603,223,691300.0
11230,20251122,112,204,301,404,502,601,664,5361800.0
11231,20260412,118,201,301,401,502,603,385,1155000.0
11232,20260218,112,201,302,403,501,603,753,5440425.0
11233,20260331,102,203,305,401,502,603,222,643800.0
11234,20250821,113,203,305,403,503,603,88,411400.0
11235,20250812,109,201,301,404,501,602,735,8029875.0
11236,20260216,107,204,301,404,503,603,637,3025750.0
11237,20251201,104,202,302,404,501,603,613,1805285.0
11238,20250810,115,204,302,402,502,602,791,4271400.0
11239,20250206,103,201,304,402,502,601,932,2768040.0
11240,20251005,107,202,301,402,501,602,390,1755000.0
11241,20250715,120,203,302,404,502,603,689,1636375.0
11242,20260429,101,201,305,404,503,603,67,197315.0
11243,20250830,102,204,304,401,502,603,805,2334500.0
11244,20251120,111,203,301,403,501,601,35,252875.0
11245,20250711,108,203,302,402,503,602,890,9211500.0
11246,20250117,105,201,301,404,503,602,456,2166000.0
11247,20260608,119,204,304,404,501,602,75,178125.0
11248,20260205,107,201,303,403,503,602,930,3952500.0
11249,20250122,103,202,301,402,503,601,769,2283930.0
11250,20260419,118,202,301,402,501,603,263,710100.0
11251,20250430,107,203,301,401,503,603,908,4540000.0
11252,20250729,119,204,301,404,502,602,977,2320375.0
11253,20251102,107,202,302,401,502,602,53,265000.0
11254,20250927,108,202,303,404,501,602,106,1158050.0
11255,20251012,111,202,305,403,503,603,563,4067675.0
11256,20250815,105,202,301,401,503,601,236,1180000.0
11257,20260116,120,201,305,404,502,603,783,1859625.0
11258,20260405,101,203,302,402,502,601,688,1919520.0
11259,20250107,109,203,303,403,501,601,445,4349875.0
11260,20250129,105,202,304,404,502,602,800,3800000.0
11261,20250202,105,203,304,401,501,602,610,3050000.0
11262,20250320,118,203,304,401,503,603,388,1164000.0
11263,20260404,109,203,304,404,502,602,187,2042975.0
11264,20260622,106,203,304,403,503,602,436,1853000.0
11265,20260427,104,201,303,404,502,601,924,2721180.0
11266,20260306,101,202,301,401,502,602,718,2225800.0
11267,20251012,105,204,304,401,503,601,316,1580000.0
11268,20260531,101,201,301,402,503,602,788,2198520.0
11269,20250409,112,203,305,402,502,601,513,3924450.0
11270,20260201,108,202,301,401,501,603,277,3185500.0
11271,20260504,119,202,305,402,502,601,595,1338750.0
11272,20250208,111,202,301,402,502,603,17,130050.0
11273,20250928,101,202,305,404,502,601,929,2735905.0
11274,20250606,106,203,301,403,503,603,517,2197250.0
11275,20250316,109,202,301,404,503,602,485,5298625.0
11276,20250510,102,204,303,404,502,601,306,843030.0
11277,20250325,105,204,305,402,503,601,173,778500.0
11278,20250122,114,202,301,402,503,601,494,2000700.0
11279,20260404,117,203,303,403,501,601,606,2060400.0
11280,20260623,104,204,303,403,501,602,81,213435.0
11281,20260117,103,204,305,403,503,602,576,1615680.0
11282,20260316,116,204,301,404,503,601,914,10853750.0
11283,20250121,115,201,303,403,503,603,568,2896800.0
11284,20251030,112,201,304,401,501,603,920,7820000.0
11285,20250325,117,204,304,401,503,601,953,3812000.0
11286,20260329,119,203,304,404,502,601,247,586625.0
11287,20260122,104,203,301,402,501,602,113,315270.0
11288,20260522,115,204,304,403,503,602,219,1116900.0
11289,20250914,117,204,302,401,503,601,563,2252000.0
11290,20260611,108,203,305,403,502,603,837,8181675.0
11291,20250611,120,201,302,401,502,603,477,1192500.0
11292,20250612,102,201,302,401,503,602,463,1342700.0
11293,20260608,117,204,304,403,503,602,277,941800.0
11294,20250928,110,203,305,401,503,601,395,4345000.0
11295,20260507,115,201,303,403,502,601,784,3998400.0
11296,20250727,101,204,302,401,503,602,857,2656700.0
11297,20260623,102,202,303,402,503,601,396,1033560.0
11298,20250301,116,204,303,404,503,602,886,10521250.0
11299,20260306,113,202,301,404,501,601,268,1400300.0
11300,20251105,114,204,305,403,503,602,292,1116900.0
11301,20260604,104,203,305,404,501,603,635,1870075.0
11302,20250127,116,203,302,404,502,601,884,10497500.0
11303,20250718,115,203,301,404,502,601,49,279300.0
11304,20260122,103,203,301,404,501,603,495,1551825.0
11305,20251215,103,202,301,402,501,603,938,2785860.0
11306,20260620,111,204,305,402,501,602,229,1751850.0
11307,20260113,120,203,305,404,503,601,138,327750.0
11308,20260611,105,201,304,402,503,603,529,2380500.0
11309,20250602,103,201,305,402,502,602,622,1847340.0
11310,20250725,105,201,305,404,502,603,937,4450750.0
11311,20260331,109,204,301,403,502,601,901,8807275.0
11312,20250930,120,201,303,404,502,601,697,1655375.0
11313,20250824,119,201,302,402,501,601,628,1413000.0
11314,20260605,118,202,303,403,503,601,622,1586100.0
11315,20260516,111,204,302,402,501,602,269,2057850.0
11316,20250427,113,204,304,402,502,602,999,4945050.0
11317,20260121,120,201,305,401,502,603,975,2437500.0
11318,20251210,117,204,302,401,502,601,375,1500000.0
11319,20260130,110,202,302,401,503,601,767,8437000.0
11320,20250305,115,202,302,402,501,601,796,4298400.0
11321,20250313,117,203,302,404,502,602,553,2101400.0
11322,20251001,120,202,305,404,503,601,658,1562750.0
11323,20251116,114,203,303,402,503,602,533,2158650.0
11324,20251204,104,201,302,401,501,603,916,2839600.0
11325,20260101,104,203,301,402,502,603,823,2296170.0
11326,20260510,118,203,302,404,501,602,896,2553600.0
11327,20250615,107,201,305,404,501,601,25,118750.0
11328,20250111,114,203,301,404,501,601,138,589950.0
11329,20251028,115,202,305,402,501,603,584,3153600.0
11330,20250412,108,201,304,404,501,601,118,1289150.0
11331,20260301,114,204,305,404,501,603,896,3830400.0
11332,20260127,111,203,301,404,502,601,542,4376650.0
11333,20250802,115,202,303,404,502,602,679,3870300.0
11334,20250329,113,204,301,403,502,602,278,1299650.0
11335,20260205,114,201,303,402,503,602,171,692550.0
11336,20250215,104,201,301,402,502,601,269,750510.0
11337,20260408,111,201,302,404,502,603,933,7533975.0
11338,20251106,114,202,305,401,503,602,111,499500.0
11339,20250327,111,204,304,404,501,601,515,4158625.0
11340,20250402,109,201,303,402,501,603,744,7700400.0
11341,20250830,112,202,303,403,501,603,580,4190500.0
11342,20250102,105,202,302,404,502,603,256,1216000.0
11343,20250813,116,204,302,403,501,601,649,6895625.0
11344,20250426,103,201,301,401,501,602,804,2653200.0
11345,20250413,103,201,303,401,502,602,846,2791800.0
11346,20250713,103,203,305,404,502,602,546,1711710.0
11347,20250615,103,201,301,403,503,602,140,392700.0
11348,20250331,114,204,302,401,503,603,362,1629000.0
11349,20250502,104,202,303,404,501,603,205,603725.0
11350,20250523,112,204,304,401,503,601,802,6817000.0
11351,20250416,105,201,304,402,501,602,925,4162500.0
11352,20260304,118,202,303,403,503,603,939,2394450.0
11353,20251101,102,204,305,404,502,603,675,1859625.0
11354,20251113,119,201,303,401,501,601,391,977500.0
11355,20250109,118,201,305,401,501,602,654,1962000.0
11356,20250314,118,201,302,402,501,603,236,637200.0
11357,20251225,111,203,305,404,502,602,710,5733250.0
11358,20250811,104,203,305,401,503,603,485,1503500.0
11359,20260220,114,203,303,403,502,601,486,1858950.0
11360,20260105,112,202,303,401,501,601,274,2329000.0
11361,20250921,114,204,304,403,502,601,381,1457325.0
11362,20251114,102,202,302,401,502,601,495,1435500.0
11363,20250325,110,202,301,404,503,603,443,4629350.0
11364,20251114,120,201,303,404,503,603,655,1555625.0
11365,20250421,110,201,302,404,501,601,220,2299000.0
11366,20250908,112,202,302,403,502,603,581,4197725.0
11367,20260118,104,204,304,404,503,601,949,2794805.0
11368,20250107,119,203,303,403,501,603,386,820250.0
11369,20260404,117,202,303,403,501,601,404,1373600.0
11370,20250325,107,202,302,403,501,603,459,1950750.0
11371,20250727,105,204,303,402,503,603,952,4284000.0
11372,20260125,116,204,304,401,503,602,373,4662500.0
11373,20251110,108,202,304,403,503,602,885,8650875.0
11374,20250122,104,201,304,403,501,602,466,1227910.0
11375,20260214,112,201,303,401,503,602,734,6239000.0
11376,20260530,118,202,303,404,503,603,737,2100450.0
11377,20250507,112,201,304,402,503,603,235,1797750.0
11378,20250114,104,204,305,401,503,602,991,3072100.0
11379,20250112,109,203,301,403,502,601,140,1368500.0
11380,20250328,119,204,302,401,502,601,597,1492500.0
11381,20260608,108,203,305,403,501,601,485,4740875.0
11382,20260621,114,202,301,404,501,601,807,3449925.0
11383,20251028,118,202,303,401,503,601,995,2985000.0
11384,20250831,120,203,302,402,501,601,286,643500.0
11385,20250502,120,201,305,401,502,602,165,412500.0
11386,20250527,118,202,302,403,502,603,769,1960950.0
11387,20251222,101,203,303,403,503,602,227,598145.0
11388,20251105,120,201,301,402,503,603,199,447750.0
11389,20251015,109,203,301,403,502,603,426,4164150.0
11390,20251103,101,202,301,403,503,602,990,2608650.0
11391,20251218,106,202,305,403,503,602,684,2907000.0
11392,20251108,109,204,301,401,501,603,701,8061500.0
11393,20250228,110,203,305,401,502,603,555,6105000.0
11394,20250204,111,201,305,402,501,601,50,382500.0
11395,20260321,112,202,304,402,501,601,316,2417400.0
11396,20250403,101,204,305,404,501,602,952,2803640.0
11397,20250726,106,204,302,403,501,602,347,1474750.0
11398,20251219,105,201,301,402,501,603,323,1453500.0
11399,20251128,119,202,305,403,502,602,84,178500.0
11400,20250608,113,204,303,402,502,602,962,4761900.0
11401,20250124,103,201,305,404,502,602,288,902880.0
11402,20260208,105,201,305,402,502,601,185,832500.0
11403,20260531,101,203,304,401,503,603,905,2805500.0
11404,20251230,103,203,302,403,501,603,671,1882155.0
11405,20260117,117,202,303,401,502,603,282,1128000.0
11406,20260616,107,204,304,402,503,603,846,3807000.0
11407,20250601,113,204,302,402,502,601,629,3113550.0
11408,20260224,114,203,305,404,503,601,660,2821500.0
11409,20250907,115,202,303,404,501,601,871,4964700.0
11410,20250427,111,204,302,404,502,603,792,6395400.0
11411,20260527,106,201,304,402,503,603,868,3906000.0
11412,20251201,112,201,305,404,502,601,940,7590500.0
11413,20260222,110,201,305,402,502,602,298,2950200.0
11414,20251022,111,201,301,402,503,602,733,5607450.0
11415,20260106,119,203,304,403,501,601,902,1916750.0
11416,20250705,120,202,303,401,502,601,281,702500.0
11417,20250903,103,201,305,403,501,603,939,2633895.0
11418,20250925,102,201,301,401,502,601,75,217500.0
11419,20250825,105,204,302,401,502,601,492,2460000.0
11420,20260614,106,203,305,402,503,602,945,4252500.0
11421,20250121,120,204,302,404,502,601,257,610375.0
11422,20260604,102,204,305,404,502,603,165,454575.0
11423,20250410,103,204,302,404,501,602,56,175560.0
11424,20260423,109,201,304,403,503,603,944,9227600.0
11425,20251025,115,202,302,404,503,603,463,2639100.0
11426,20260610,114,203,302,402,501,602,210,850500.0
11427,20251130,116,201,305,404,503,603,669,7944375.0
11428,20250102,120,203,305,404,503,603,133,315875.0
11429,20260110,115,201,302,404,501,602,10,57000.0
11430,20251020,114,202,304,403,503,603,977,3737025.0
11431,20251114,109,202,303,402,503,603,768,7948800.0
11432,20260517,107,203,301,404,501,602,864,4104000.0
11433,20260116,117,204,302,401,502,603,649,2596000.0
11434,20250114,104,201,304,403,503,602,200,527000.0
11435,20260519,112,203,302,404,502,602,588,4748100.0
11436,20250819,114,204,301,404,502,602,525,2244375.0
11437,20250325,104,202,303,403,503,601,451,1188385.0
11438,20250510,110,201,303,401,503,601,930,10230000.0
11439,20250525,119,202,302,401,502,602,824,2060000.0
11440,20250128,116,201,301,403,503,601,815,8659375.0
11441,20250307,117,204,302,404,501,602,152,577600.0
11442,20250612,110,201,305,403,503,601,200,1870000.0
11443,20250817,102,204,303,403,501,601,542,1336030.0
11444,20250918,108,201,304,403,502,603,236,2306900.0
11445,20260325,113,203,304,403,502,601,322,1505350.0
11446,20260228,120,202,304,401,501,603,638,1595000.0
11447,20260405,102,201,301,403,502,601,958,2361470.0
11448,20251028,101,201,301,404,502,602,311,915895.0
11449,20251030,107,202,303,404,502,603,663,3149250.0
11450,20251014,110,201,301,402,501,601,469,4643100.0
11451,20260130,107,202,305,402,501,601,410,1845000.0
11452,20250110,105,204,303,403,502,602,560,2380000.0
11453,20250927,109,203,303,402,501,603,402,4160700.0
11454,20251227,110,203,305,403,501,602,876,8190600.0
11455,20250914,111,202,305,401,502,603,773,6570500.0
11456,20250513,104,203,305,401,503,602,854,2647400.0
11457,20251003,101,202,302,401,502,601,216,669600.0
11458,20260528,116,203,304,401,503,602,219,2737500.0
11459,20251109,114,201,304,404,502,601,124,530100.0
11460,20251011,106,201,303,401,501,601,746,3730000.0
11461,20250501,105,203,305,401,502,602,655,3275000.0
11462,20250417,113,204,301,404,501,601,260,1358500.0
11463,20250723,118,203,305,403,502,601,228,581400.0
11464,20250614,108,201,303,402,502,602,416,4305600.0
11465,20251101,117,203,304,403,503,601,452,1536800.0
11466,20260512,118,201,302,403,502,603,612,1560600.0
11467,20250605,112,204,305,402,502,601,363,2776950.0
11468,20260102,103,204,304,401,503,601,897,2960100.0
11469,20250908,113,203,303,401,502,602,567,3118500.0
11470,20251130,102,201,303,401,501,602,559,1621100.0
11471,20260526,114,204,304,401,501,601,151,679500.0
11472,20251020,101,202,304,402,503,603,621,1732590.0
11473,20250120,115,203,305,401,502,603,510,3060000.0
11474,20251009,103,202,301,401,503,602,849,2801700.0
11475,20250101,111,203,305,401,501,601,711,6043500.0
11476,20250429,119,201,302,402,502,601,556,1251000.0
11477,20250204,114,201,304,404,502,601,668,2855700.0
11478,20250717,119,202,302,402,503,601,551,1239750.0
11479,20260430,113,201,302,401,503,602,855,4702500.0
11480,20250228,114,201,301,402,503,601,516,2089800.0
11481,20250610,110,201,305,403,503,601,605,5656750.0
11482,20250725,104,202,303,403,502,602,890,2345150.0
11483,20250112,113,201,302,404,502,603,290,1515250.0
11484,20260505,101,204,302,401,503,601,433,1342300.0
11485,20251003,111,203,302,404,501,602,865,6984875.0
11486,20250830,106,204,302,403,501,603,279,1185750.0
11487,20250804,120,202,303,404,503,601,163,387125.0
11488,20250908,115,202,305,403,503,601,623,3177300.0
11489,20250506,112,201,301,403,501,601,736,5317600.0
11490,20250805,103,204,302,402,503,601,671,1992870.0
11491,20251102,114,202,304,401,502,601,953,4288500.0
11492,20250704,104,203,303,403,503,602,92,242420.0
11493,20250208,108,202,301,401,501,601,631,7256500.0
11494,20250811,114,204,304,404,501,601,956,4086900.0
11495,20250703,119,203,304,404,502,603,908,2156500.0
11496,20260510,113,203,304,403,501,601,435,2033625.0
11497,20260303,117,201,302,401,503,602,284,1136000.0
11498,20250627,103,203,305,403,502,603,722,2025210.0
11499,20260304,113,201,302,403,502,601,293,1369775.0
