sales_id,raw_date,product_id,distributor_id,region_id,promotion_id,segment_id,warehouse_id,quantity
10000,2025-04-13,113,201,304,403,502,601,19
10001,2025-05-11,101,204,305,401,501,601,110
10002,2026-04-05,109,201,301,403,502,601,219
10003,2025-09-01,109,201,303,401,501,603,88
10004,2025-11-12,109,201,301,401,501,603,240
10005,2025-02-04,116,201,304,402,502,602,233
10006,2026-04-22,117,203,305,404,503,603,238
10007,2025-12-04,109,202,305,404,501,601,219
10008,2025-03-06,101,201,302,401,501,601,224
10009,2026-01-14,101,201,301,404,503,601,317
10010,2025-02-17,106,203,304,403,501,602,229
10011,2025-01-05,109,203,303,403,502,601,192
10012,2026-04-06,103,203,303,403,503,601,278
10013,2025-02-05,116,202,304,404,503,601,478
10014,2025-01-28,103,201,305,402,501,601,176
10015,2025-10-10,107,203,305,401,502,601,186
10016,2025-08-13,102,201,305,402,502,603,223
10017,2025-09-25,104,201,302,401,501,602,144
10018,2025-08-08,101,201,305,401,501,601,241
10019,2025-05-03,104,203,303,404,502,603,325
10020,2025-05-24,115,201,301,401,503,603,150
10021,2025-05-27,106,201,305,402,502,603,167
10022,2026-04-18,103,202,304,401,501,603,13
10023,2025-10-31,117,202,305,401,501,603,159
10024,2025-07-27,116,203,304,404,501,601,272
10025,2025-08-15,106,204,305,401,501,601,217
10026,2025-06-12,110,201,304,401,501,603,227
10027,2026-02-05,105,202,303,404,501,602,291
10028,2025-08-18,106,203,303,404,502,602,109
10029,2026-05-31,101,202,301,404,503,603,246
10030,2025-04-09,112,204,302,403,503,603,180
10031,2025-06-10,105,201,303,404,503,602,202
10032,2025-10-15,110,201,301,401,501,603,183
10033,2025-02-08,104,203,305,404,503,602,177
10034,2025-02-05,113,202,304,404,503,601,172
10035,2025-02-20,108,202,301,403,501,601,178
10036,2025-02-23,109,201,305,401,503,601,118
10037,2025-12-16,109,202,304,404,502,601,293
10038,2025-04-30,104,201,301,401,503,603,88
10039,2025-02-27,116,201,301,401,501,603,282
10040,2025-09-29,108,203,302,404,501,602,181
10041,2025-02-16,101,203,304,402,501,601,176
10042,2025-10-16,108,202,301,404,503,601,568
10043,2026-05-31,110,204,305,404,503,603,258
10044,2026-01-15,102,203,305,404,503,603,183
10045,2025-01-12,102,201,301,404,501,601,163
10046,2026-02-22,104,201,304,402,503,601,240
10047,2026-01-29,107,202,303,404,501,601,242
10048,2025-04-06,105,204,305,402,503,603,317
10049,2025-12-08,105,201,301,404,503,601,252
10050,2026-01-19,108,201,301,401,503,602,122
10051,2025-02-11,118,204,301,404,502,603,274
10052,2025-01-09,112,202,301,401,503,601,194
10053,2026-06-01,108,201,303,404,503,601,337
10054,2025-11-23,119,203,302,401,503,602,218
10055,2025-02-08,107,201,302,403,503,603,185
10056,2025-12-27,112,203,301,402,502,601,10
10057,2025-02-27,101,204,301,404,502,603,364
10058,2025-08-17,104,203,301,401,501,601,264
10059,2025-01-12,117,201,302,401,501,601,93
10060,2025-03-31,106,201,301,402,501,601,355
10061,2025-09-10,116,201,303,404,501,603,100
10062,2025-09-08,101,201,302,404,503,601,78
10063,2026-04-06,101,201,301,401,501,603,258
10064,2026-03-13,109,203,304,402,501,601,123
10065,2026-03-22,115,203,301,401,501,601,75
10066,2026-03-14,113,202,305,403,503,603,108
10067,2025-10-30,107,203,303,404,503,602,223
10068,2025-11-02,109,201,302,404,501,602,201
10069,2025-04-16,115,204,301,404,502,601,383
10070,2025-03-10,118,201,302,404,501,601,139
10071,2025-10-08,116,201,304,401,501,601,189
10072,2025-01-05,105,201,301,403,502,601,90
10073,2025-09-06,108,203,303,401,502,601,57
10074,2025-09-14,102,202,305,403,503,601,217
10075,2026-01-21,112,201,301,404,503,602,409
10076,2026-05-23,102,201,303,401,501,601,98
10077,2026-06-21,116,202,304,404,502,601,141
10078,2025-04-21,112,202,303,403,502,601,220
10079,2026-03-19,106,204,303,401,501,601,217
10080,2026-05-18,108,203,301,404,501,603,267
10081,2025-03-16,115,203,301,401,503,603,222
10082,2026-01-27,108,203,301,404,503,601,271
10083,2025-01-01,109,201,303,401,502,602,286
10084,2025-01-10,109,202,301,404,501,601,488
10085,2026-02-23,106,204,305,404,501,603,189
10086,2025-05-17,103,201,305,404,501,603,303
10087,2025-10-18,103,203,304,403,502,603,262
10088,2025-03-30,110,201,304,404,503,602,449
10089,2025-05-25,116,201,303,404,503,601,92
10090,2026-01-26,111,203,301,404,502,603,332
10091,2026-02-15,112,201,303,404,503,601,350
10092,2025-06-08,106,201,303,403,502,601,327
10093,2026-02-15,110,203,303,401,501,601,112
10094,2025-05-14,107,201,305,401,503,602,133
10095,2026-04-05,102,204,304,401,503,603,153
10096,2026-01-13,101,201,301,404,503,601,187
10097,2026-02-24,102,204,305,403,503,601,155
10098,2025-11-05,105,203,301,402,502,602,179
10099,2025-07-29,108,204,303,401,503,601,200
10100,2025-01-25,108,201,305,402,503,602,175
10101,2026-04-21,109,201,301,402,502,601,100
10102,2025-11-14,103,201,301,402,503,601,177
10103,2025-07-13,108,201,303,404,501,601,400
10104,2025-02-24,116,201,301,404,502,601,298
10105,2025-12-15,107,202,301,401,502,602,88
10106,2025-08-27,109,203,303,404,503,603,374
10107,2026-03-28,116,201,302,402,501,602,237
10108,2025-05-31,115,201,305,404,503,603,100
10109,2026-01-21,106,201,305,402,503,601,302
10110,2025-02-22,104,204,304,401,503,601,159
10111,2025-04-25,108,203,304,402,501,602,213
10112,2026-05-09,119,202,301,401,501,603,165
10113,2025-02-03,109,203,305,401,501,601,71
10114,2025-10-14,115,202,303,404,501,603,65
10115,2025-05-10,103,203,301,404,501,601,122
10116,2025-10-23,108,204,304,404,503,601,74
10117,2025-05-28,103,203,305,404,501,602,237
10118,2026-03-26,102,201,304,402,503,601,263
10119,2025-08-17,101,204,301,401,501,603,105
10120,2025-01-17,116,201,301,403,503,603,250
10121,2026-01-09,110,204,305,404,503,601,358
10122,2026-06-22,101,203,305,401,503,603,185
10123,2026-05-13,107,203,304,401,502,602,132
10124,2025-09-30,110,201,303,402,503,602,12
10125,2025-02-08,105,202,304,402,503,603,84
10126,2026-03-02,115,201,303,404,501,601,314
10127,2025-02-08,101,201,301,401,502,602,136
10128,2025-08-27,107,201,302,403,503,601,32
10129,2025-11-20,111,202,301,404,501,601,220
10130,2025-12-10,102,204,304,401,503,603,169
10131,2025-03-03,109,201,305,401,503,602,224
10132,2025-08-31,108,201,301,401,501,603,110
10133,2025-02-16,103,202,303,403,501,602,184
10134,2025-03-03,120,203,303,404,503,601,25
10135,2025-07-14,117,203,305,404,503,601,162
10136,2025-05-04,106,201,304,402,501,601,153
10137,2025-04-24,108,201,303,404,501,603,272
10138,2025-10-16,115,203,304,404,503,603,300
10139,2025-06-19,102,203,301,404,503,601,335
10140,2025-01-31,115,201,302,404,501,603,252
10141,2025-10-22,103,201,302,403,501,601,315
10142,2026-03-24,109,203,301,404,502,603,370
10143,2025-08-10,112,203,301,404,503,601,105
10144,2026-06-08,101,202,302,404,501,603,194
10145,2026-01-16,106,201,305,402,503,601,233
10146,2026-06-22,103,201,305,401,503,602,106
10147,2025-05-10,113,201,301,404,503,601,337
10148,2025-01-21,116,203,305,404,502,601,366
10149,2025-06-11,103,201,304,402,503,601,116
10150,2025-03-01,103,203,304,404,503,603,155
10151,2026-06-20,116,202,304,402,501,601,229
10152,2025-08-24,104,202,301,401,503,601,33
10153,2025-03-05,108,201,301,402,502,602,376
10154,2025-01-11,110,203,304,401,502,601,149
10155,2025-03-27,103,201,304,404,501,602,134
10156,2025-04-26,106,201,305,401,503,603,158
10157,2025-11-13,111,201,305,401,502,603,128
10158,2025-09-21,116,202,304,404,502,603,465
10159,2025-01-22,108,202,303,404,501,601,367
10160,2025-03-28,110,201,303,402,502,603,183
10161,2025-10-15,108,202,304,401,503,603,233
10162,2025-02-04,103,201,301,404,501,603,363
10163,2026-05-31,112,203,303,403,502,602,175
10164,2025-09-07,111,201,305,404,502,601,330
10165,2025-09-25,106,201,305,401,503,601,164
10166,2026-04-23,103,201,305,401,503,601,193
10167,2025-01-14,108,201,303,401,502,603,120
10168,2025-03-07,115,201,303,403,502,601,238
10169,2025-09-27,105,201,304,401,502,602,126
10170,2026-05-28,104,201,302,404,502,602,320
10171,2025-06-05,115,202,303,401,503,601,227
10172,2025-10-20,116,201,301,402,503,601,147
10173,2026-05-05,107,201,304,401,501,603,150
10174,2025-02-08,108,202,303,404,501,601,360
10175,2026-01-10,103,201,304,401,501,603,66
10176,2025-06-24,110,203,305,404,502,602,270
10177,2025-12-11,110,203,301,404,502,603,355
10178,2025-08-08,103,202,302,404,503,603,223
10179,2025-11-20,110,203,305,402,503,603,154
10180,2025-10-06,107,203,301,403,501,601,84
10181,2026-04-18,109,202,302,401,503,601,18
10182,2025-01-03,109,204,305,404,503,601,258
10183,2025-10-27,108,201,303,404,503,602,131
10184,2025-01-21,103,201,303,404,501,603,174
10185,2026-01-08,104,201,305,403,501,602,174
10186,2025-01-02,104,201,301,401,503,601,297
10187,2025-11-08,113,201,305,402,501,603,220
10188,2025-06-21,101,202,305,404,503,603,179
10189,2025-01-10,103,201,305,404,503,601,183
10190,2025-02-19,111,203,304,404,503,601,135
10191,2026-04-28,115,201,303,401,501,601,129
10192,2026-03-31,109,201,302,403,502,603,237
10193,2026-01-09,108,203,301,402,503,602,130
10194,2025-04-12,109,201,301,401,503,601,61
10195,2026-03-01,110,201,305,404,501,602,178
10196,2025-08-18,109,203,301,402,501,601,65
10197,2025-12-20,108,201,303,401,503,602,43
10198,2025-10-30,103,202,301,402,503,601,298
10199,2025-08-25,102,204,301,404,503,601,310
10200,2025-10-13,108,202,301,404,501,603,320
10201,2026-04-26,103,201,302,402,501,602,286
10202,2025-06-29,104,204,305,401,503,602,10
10203,2025-01-12,116,201,305,402,503,603,309
10204,2025-05-14,102,201,305,402,501,601,264
10205,2025-09-10,115,204,303,404,503,601,262
10206,2026-04-28,107,201,302,401,501,601,154
10207,2025-05-08,107,201,303,402,501,602,247
10208,2025-02-12,110,203,301,401,503,601,161
10209,2026-04-02,107,201,301,404,501,601,216
10210,2026-02-04,101,202,305,404,503,601,299
10211,2025-08-19,111,203,302,404,502,602,478
10212,2026-06-10,103,201,305,401,501,601,180
10213,2026-04-16,102,202,301,401,501,603,259
10214,2025-12-04,101,201,302,401,503,601,95
10215,2026-05-25,103,201,304,402,502,601,158
10216,2026-02-26,106,204,301,401,503,603,176
10217,2025-08-20,108,202,304,404,503,602,233
10218,2025-06-22,103,203,303,404,501,601,213
10219,2026-02-12,102,201,303,402,502,603,216
10220,2026-03-12,113,203,301,401,501,603,87
10221,2026-01-03,117,201,304,404,502,601,337
10222,2026-01-17,104,201,305,402,503,601,193
10223,2026-01-09,108,204,303,404,501,601,143
10224,2025-09-30,116,201,302,402,502,602,180
10225,2025-04-23,110,201,305,404,503,603,222
10226,2026-06-14,110,201,305,404,503,601,235
10227,2025-08-23,104,202,304,401,503,601,120
10228,2026-04-08,108,203,304,403,503,602,250
10229,2026-02-17,102,202,305,402,501,602,41
10230,2025-05-09,112,203,301,401,503,603,237
10231,2025-10-29,110,201,302,404,503,601,164
10232,2025-11-10,101,203,301,404,502,601,204
10233,2025-07-30,120,201,302,404,503,602,167
10234,2026-04-14,101,201,301,401,501,601,228
10235,2025-08-09,110,201,303,403,503,602,176
10236,2025-06-11,109,202,301,402,503,601,296
10237,2025-11-10,111,203,303,402,501,601,276
10238,2025-07-02,104,201,301,404,503,603,162
10239,2025-07-17,110,203,301,402,503,601,151
10240,2025-05-17,116,201,303,404,501,603,418
10241,2026-03-02,115,201,302,402,502,601,350
10242,2025-09-18,111,202,301,404,503,603,203
10243,2026-02-12,101,201,301,401,503,601,122
10244,2026-02-04,112,201,304,401,502,601,158
10245,2026-06-03,102,201,304,403,501,603,98
10246,2026-03-02,115,203,303,402,503,601,124
10247,2025-11-01,108,204,303,402,501,601,254
10248,2026-05-05,102,203,303,404,501,601,393
10249,2025-06-26,109,201,303,402,501,603,218
10250,2025-04-22,103,201,305,402,503,601,172
10251,2025-08-31,113,201,301,401,501,603,167
10252,2025-08-02,101,201,304,401,501,603,276
10253,2026-03-23,109,201,302,401,502,603,180
10254,2026-03-12,108,201,301,402,501,601,176
10255,2025-10-24,109,202,304,402,503,602,134
10256,2026-04-13,109,201,303,402,503,601,428
10257,2026-06-04,116,203,301,402,503,601,216
10258,2026-06-08,112,201,305,402,501,603,235
10259,2025-05-11,108,203,305,401,503,601,88
10260,2026-04-22,104,204,301,404,503,603,117
10261,2025-08-14,114,203,303,401,501,601,236
10262,2026-02-21,104,201,302,402,503,603,63
10263,2025-10-16,102,203,302,404,501,601,374
10264,2025-07-20,110,204,301,401,501,603,102
10265,2026-06-17,101,201,304,404,503,603,128
10266,2025-07-26,104,204,304,403,501,601,299
10267,2026-05-22,107,201,304,404,501,603,237
10268,2025-03-24,118,203,304,404,503,602,454
10269,2026-05-23,110,201,301,401,501,601,225
10270,2025-09-22,101,201,302,403,501,601,285
10271,2025-05-07,110,202,305,401,502,601,286
10272,2026-05-09,115,202,301,404,503,601,347
10273,2026-04-25,109,202,302,402,502,603,245
10274,2025-01-26,103,201,305,402,503,602,126
10275,2026-02-10,113,204,301,401,502,603,181
10276,2025-03-28,107,203,301,401,503,603,135
10277,2026-03-17,105,201,301,404,501,601,90
10278,2025-02-18,101,201,301,401,501,603,188
10279,2025-12-29,101,201,305,401,503,602,368
10280,2025-07-02,115,201,304,404,501,601,112
10281,2025-11-28,116,203,301,404,501,603,64
10282,2025-09-07,111,203,301,404,503,601,212
10283,2025-11-20,106,201,302,401,502,603,196
10284,2025-11-28,102,201,305,404,503,601,240
10285,2025-07-29,102,201,301,401,503,603,151
10286,2026-01-22,108,201,301,402,501,601,150
10287,2025-08-01,114,201,303,404,501,601,259
10288,2025-04-17,107,203,301,402,503,601,247
10289,2025-06-05,109,203,301,404,501,601,298
10290,2025-04-28,111,203,302,401,502,601,125
10291,2025-05-28,105,202,302,401,502,603,212
10292,2026-01-30,105,203,303,402,501,603,370
10293,2026-03-10,108,201,303,404,502,601,203
10294,2025-12-29,106,201,301,404,502,601,240
10295,2025-03-28,108,204,303,401,503,601,168
10296,2025-04-19,118,203,305,402,502,601,259
10297,2025-12-20,104,201,301,402,501,603,155
10298,2025-12-25,109,201,303,404,501,603,313
10299,2025-04-09,115,202,303,404,501,601,184
10300,2025-10-11,115,203,305,401,503,602,102
10301,2025-09-03,102,203,301,404,501,603,40
10302,2026-06-08,117,204,303,401,503,601,143
10303,2026-02-21,109,201,303,404,502,603,57
10304,2025-03-23,108,202,303,404,502,603,111
10305,2025-05-27,105,201,301,404,501,603,346
10306,2025-04-24,108,203,304,404,501,601,364
10307,2025-10-13,117,201,305,404,503,601,196
10308,2025-03-06,105,202,301,401,503,603,164
10309,2025-07-13,102,201,304,401,503,601,161
10310,2025-03-16,106,201,305,404,501,603,60
10311,2026-01-10,115,201,303,401,503,603,167
10312,2026-05-23,115,201,301,401,501,601,242
10313,2025-08-21,103,201,301,402,503,601,225
10314,2025-07-02,108,201,303,404,501,603,330
10315,2025-02-22,114,202,303,401,503,601,72
10316,2025-10-17,102,202,301,404,501,601,187
10317,2025-04-06,109,203,303,402,501,603,201
10318,2025-06-06,116,203,301,403,503,602,30
10319,2026-02-25,102,201,303,404,503,603,131
10320,2025-06-24,103,203,304,404,503,603,144
10321,2026-06-17,108,202,305,401,502,601,234
10322,2025-12-21,108,201,302,402,501,603,311
10323,2025-01-31,111,201,305,404,503,603,217
10324,2025-06-22,101,201,305,401,503,603,161
10325,2026-03-14,109,201,301,404,503,603,216
10326,2025-02-13,102,203,301,404,503,603,164
10327,2025-07-01,104,203,305,401,502,603,245
10328,2025-04-29,113,203,303,404,501,601,317
10329,2026-02-25,104,201,301,404,502,601,309
10330,2025-01-12,101,201,303,404,503,601,267
10331,2026-05-19,108,201,302,401,501,601,169
10332,2026-02-16,108,201,304,403,503,601,391
10333,2025-11-27,117,201,302,401,501,601,184
10334,2025-01-26,115,201,301,404,502,603,293
10335,2025-02-18,116,201,304,403,501,603,107
10336,2025-01-05,108,201,301,402,501,603,241
10337,2026-03-29,110,204,304,403,501,601,186
10338,2025-01-03,103,201,301,401,503,603,185
10339,2026-05-07,117,201,305,404,503,603,287
10340,2025-11-28,104,201,303,401,503,603,193
10341,2025-05-05,116,204,303,404,503,601,191
10342,2025-01-08,113,201,301,402,503,603,250
10343,2025-02-13,101,201,302,404,501,602,291
10344,2025-06-19,105,203,304,401,502,601,317
10345,2025-01-10,116,201,305,404,502,602,225
10346,2025-11-23,106,201,304,404,503,602,369
10347,2025-04-26,106,202,302,404,503,603,190
10348,2026-02-08,102,202,301,401,501,601,117
10349,2025-09-13,108,202,303,404,501,601,318
10350,2025-10-30,116,203,302,404,503,603,108
10351,2026-01-03,105,203,301,401,501,603,167
10352,2026-02-25,108,201,305,401,503,603,234
10353,2025-10-17,115,202,301,402,501,601,156
10354,2026-05-24,107,202,301,404,501,601,147
10355,2025-12-08,111,204,301,404,503,603,175
10356,2025-12-09,109,203,305,401,501,601,39
10357,2025-01-22,106,202,304,401,502,603,112
10358,2026-03-19,104,202,301,404,502,601,264
10359,2025-04-12,113,203,301,404,502,601,299
10360,2025-04-06,102,203,301,401,503,601,120
10361,2025-12-06,118,203,304,404,503,603,204
10362,2025-03-06,105,201,303,402,503,601,164
10363,2025-03-19,111,204,302,401,503,603,173
10364,2025-06-17,101,202,304,404,501,603,34
10365,2026-04-03,114,203,303,402,503,602,298
10366,2026-06-03,105,204,305,404,503,601,210
10367,2025-01-12,104,201,302,404,501,603,207
10368,2025-03-10,101,203,301,402,503,601,185
10369,2026-03-28,119,203,304,401,503,603,106
10370,2026-04-22,102,201,301,402,503,601,80
10371,2026-06-02,109,204,303,401,503,601,156
10372,2025-07-23,101,202,303,404,503,602,168
10373,2026-03-15,101,201,305,401,501,602,184
10374,2026-04-28,110,201,301,404,501,603,331
10375,2026-03-19,104,202,305,404,501,601,403
10376,2025-03-20,103,204,301,404,503,601,264
10377,2025-10-28,109,201,303,404,502,603,199
10378,2025-09-19,118,201,301,402,501,603,188
10379,2025-09-28,114,202,302,404,501,602,332
10380,2025-02-10,104,203,301,401,503,603,94
10381,2025-10-23,106,201,301,403,503,601,121
10382,2026-05-18,115,203,305,404,502,601,391
10383,2026-05-09,106,204,303,403,501,601,261
10384,2025-07-06,108,202,301,404,502,601,303
10385,2025-04-02,107,202,304,403,501,602,216
10386,2025-05-15,101,201,305,401,503,601,49
10387,2025-02-07,102,202,304,404,503,603,331
10388,2025-10-30,110,201,301,402,501,602,10
10389,2025-11-15,101,203,305,401,503,603,192
10390,2025-06-26,108,204,305,401,502,602,37
10391,2025-09-18,110,203,305,404,502,602,251
10392,2025-10-12,108,201,304,402,502,601,255
10393,2026-04-30,111,202,301,401,501,601,182
10394,2026-05-14,104,201,301,401,502,602,39
10395,2026-01-17,117,202,303,402,502,602,149
10396,2025-11-26,107,203,301,402,502,602,196
10397,2025-11-13,105,201,304,401,502,603,304
10398,2025-01-07,113,204,304,404,503,603,343
10399,2026-02-20,111,203,304,404,503,601,227
10400,2025-12-02,103,201,301,403,502,603,162
10401,2025-05-19,101,201,305,404,501,601,10
10402,2026-06-18,108,201,304,404,502,603,328
10403,2025-12-01,104,204,301,402,501,603,10
10404,2025-02-09,101,201,303,404,503,603,229
10405,2025-12-14,110,201,301,401,503,601,318
10406,2025-11-10,113,203,305,403,501,603,326
10407,2025-04-02,103,203,304,404,503,602,319
10408,2026-05-05,109,202,301,402,503,601,143
10409,2025-02-09,109,203,305,404,503,602,149
10410,2026-05-29,102,201,303,404,502,602,468
10411,2025-08-10,103,202,305,402,501,603,247
10412,2026-03-13,114,203,304,401,501,603,69
10413,2026-06-18,101,203,301,403,501,603,23
10414,2025-08-05,116,203,302,404,503,603,203
10415,2025-07-01,111,204,305,404,503,603,314
10416,2026-04-03,101,201,303,402,501,603,182
10417,2026-05-23,110,201,301,404,503,603,246
10418,2025-07-26,108,201,305,402,502,601,217
10419,2025-01-19,108,203,302,401,503,603,101
10420,2026-06-24,108,201,305,404,503,603,319
10421,2025-10-15,108,203,304,402,503,601,343
10422,2025-12-09,110,203,303,401,501,602,53
10423,2026-02-10,108,203,305,401,501,603,179
10424,2026-01-10,103,201,303,404,503,602,368
10425,2026-03-14,109,202,302,401,501,601,173
10426,2025-12-06,115,203,304,401,503,603,200
10427,2025-03-29,116,201,301,401,503,602,85
10428,2025-09-21,116,203,301,402,502,601,265
10429,2026-05-09,106,201,301,401,502,601,175
10430,2026-04-30,108,204,301,401,501,601,193
10431,2025-04-03,104,201,301,402,503,601,90
10432,2025-04-11,103,203,304,401,503,601,218
10433,2025-07-09,102,202,303,401,503,601,270
10434,2026-03-22,115,201,305,402,503,601,96
10435,2025-03-30,109,203,304,404,501,602,199
10436,2026-06-09,119,203,302,401,502,603,10
10437,2025-07-30,110,201,304,401,503,601,32
10438,2025-08-12,102,201,305,401,503,602,327
10439,2025-05-12,117,204,304,401,501,603,137
10440,2025-02-22,104,201,301,404,501,603,256
10441,2025-07-04,113,201,305,404,501,603,294
10442,2025-12-15,113,201,304,401,501,603,82
10443,2026-06-09,110,202,301,402,501,601,120
10444,2025-09-30,104,201,305,404,503,603,292
10445,2025-08-17,108,203,301,402,502,602,322
10446,2025-01-13,113,201,305,401,501,601,161
10447,2025-05-23,116,202,303,401,501,602,10
10448,2025-11-04,116,204,304,404,501,601,403
10449,2025-03-13,116,203,303,401,501,602,134
10450,2025-09-30,103,202,305,404,503,601,362
10451,2026-05-14,108,203,301,402,501,603,126
10452,2025-03-04,101,202,303,404,501,601,388
10453,2025-09-01,112,201,301,404,501,603,416
10454,2025-04-15,106,201,304,401,501,601,151
10455,2026-04-05,103,201,305,401,501,601,168
10456,2025-10-14,103,204,302,403,501,601,308
10457,2025-12-26,109,204,305,404,501,601,327
10458,2026-04-05,115,201,304,404,502,603,145
10459,2026-01-03,104,201,301,402,502,603,104
10460,2026-04-14,112,202,301,402,501,602,91
10461,2025-03-11,116,201,304,404,503,603,226
10462,2025-07-11,116,201,302,401,503,603,164
10463,2025-11-07,106,201,303,401,503,603,77
10464,2025-12-26,101,203,303,401,501,602,176
10465,2026-03-14,107,203,301,404,501,601,234
10466,2026-03-15,103,204,303,401,503,603,129
10467,2025-07-27,106,203,302,401,501,601,161
10468,2026-03-05,115,201,302,404,503,601,63
10469,2025-03-01,102,204,304,403,501,601,165
10470,2026-06-16,104,203,303,402,503,603,135
10471,2026-02-03,109,204,304,401,502,602,89
10472,2025-05-02,115,203,303,402,501,601,103
10473,2025-05-08,110,201,302,401,501,603,10
10474,2025-07-09,103,201,303,404,501,601,339
10475,2026-05-19,108,201,302,401,501,601,110
10476,2025-07-16,113,201,302,404,503,601,275
10477,2025-01-06,104,203,303,403,501,602,166
10478,2026-01-11,101,201,301,404,503,601,163
10479,2026-05-19,114,204,302,404,501,603,377
10480,2026-05-30,120,201,303,402,501,601,190
10481,2025-01-30,113,201,303,402,503,603,10
10482,2026-05-09,106,201,301,404,503,601,212
10483,2025-09-15,116,201,301,401,503,601,109
10484,2025-07-06,109,201,304,402,501,602,230
10485,2026-04-19,104,203,301,404,502,602,242
10486,2025-01-12,107,201,301,402,501,601,212
10487,2026-02-04,105,203,305,404,503,601,199
10488,2026-03-07,108,201,303,404,503,601,204
10489,2025-06-13,107,201,301,404,503,601,180
10490,2025-02-03,103,202,301,404,503,601,203
10491,2025-04-26,110,203,304,404,502,601,107
10492,2025-10-05,110,201,301,404,501,603,339
10493,2025-07-08,110,204,304,402,502,602,364
10494,2025-05-24,110,201,302,401,501,601,194
10495,2025-08-13,108,201,304,404,503,602,492
10496,2025-04-18,101,201,301,404,501,601,318
10497,2025-12-27,110,201,304,401,501,603,145
10498,2025-10-10,112,201,303,404,501,601,142
10499,2026-02-12,108,202,305,402,503,602,372
10500,2025-12-06,109,202,301,401,503,601,136
10501,2026-03-30,111,201,303,404,503,603,327
10502,2025-06-13,110,202,301,404,501,603,169
10503,2026-01-31,105,203,303,402,501,601,166
10504,2025-11-06,116,202,301,402,503,603,117
10505,2025-03-24,102,201,305,404,503,603,385
10506,2025-11-22,114,201,304,404,501,601,136
10507,2025-12-10,107,201,301,404,502,601,243
10508,2026-03-13,105,201,304,404,501,601,158
10509,2026-04-20,102,202,301,404,502,603,282
10510,2025-06-20,103,201,301,402,503,603,173
10511,2025-01-26,105,201,304,404,503,603,225
10512,2025-07-26,109,201,303,404,501,601,140
10513,2026-01-04,109,203,305,403,503,601,275
10514,2025-09-24,116,204,304,404,501,603,422
10515,2025-09-26,113,203,302,404,502,603,272
10516,2026-01-01,105,201,303,404,501,602,356
10517,2026-04-12,101,201,301,402,501,601,153
10518,2026-05-15,107,201,305,402,502,603,379
10519,2026-02-26,108,201,304,401,501,601,87
10520,2026-03-17,109,202,302,402,501,601,245
10521,2026-03-03,110,201,301,402,501,601,134
10522,2025-10-19,109,201,303,404,502,601,242
10523,2025-07-06,106,202,303,402,502,602,193
10524,2025-10-05,108,202,305,404,501,603,293
10525,2025-12-23,101,203,301,404,503,601,10
10526,2025-09-03,102,203,301,401,502,602,105
10527,2025-09-16,103,201,304,404,503,601,235
10528,2026-06-07,115,202,302,404,503,603,374
10529,2025-07-04,101,201,305,401,502,601,195
10530,2026-03-09,109,201,301,404,503,602,319
10531,2025-05-03,103,201,301,402,501,601,97
10532,2025-12-15,108,201,305,401,502,601,160
10533,2025-11-29,120,201,301,401,503,603,91
10534,2025-08-14,103,202,303,401,503,603,113
10535,2025-01-12,119,203,304,404,501,601,228
10536,2025-05-14,110,204,301,402,503,601,99
10537,2025-04-21,107,203,303,401,503,601,291
10538,2026-06-02,111,201,302,401,501,601,199
10539,2026-01-05,105,203,302,404,503,603,354
10540,2025-11-05,110,204,304,402,503,603,184
10541,2025-10-02,105,203,302,403,503,603,203
10542,2025-09-10,103,204,305,404,502,603,363
10543,2026-06-12,110,203,305,401,503,602,307
10544,2025-03-26,120,201,302,404,502,601,364
10545,2026-04-08,103,201,303,403,501,603,44
10546,2026-03-11,106,203,303,401,503,602,202
10547,2025-04-22,102,201,302,404,501,603,332
10548,2026-06-21,105,201,305,401,501,601,96
10549,2026-06-15,110,202,302,403,503,601,210
10550,2026-03-05,108,201,303,402,503,603,61
10551,2025-02-11,103,201,301,401,501,602,217
10552,2025-01-21,107,202,301,401,501,602,94
10553,2026-01-16,114,201,303,404,503,603,158
10554,2025-09-29,105,202,304,404,503,603,166
10555,2025-01-08,110,201,301,401,501,603,203
10556,2025-10-25,115,202,304,401,503,603,85
10557,2026-05-02,102,201,302,404,501,601,80
10558,2025-07-02,102,203,304,403,501,602,138
10559,2025-07-11,110,201,301,403,503,603,39
10560,2025-12-27,106,203,305,404,501,603,99
10561,2025-05-24,108,201,301,402,503,603,95
10562,2025-06-22,115,203,304,401,503,603,59
10563,2025-06-01,104,201,302,401,501,601,248
10564,2025-01-21,110,201,305,404,501,603,173
10565,2025-02-04,115,201,301,404,502,603,267
10566,2025-06-21,103,203,304,404,502,602,227
10567,2026-03-08,115,203,304,401,503,603,10
10568,2025-09-10,116,201,302,401,503,601,108
10569,2025-01-27,110,202,301,401,503,601,133
10570,2026-05-03,106,201,301,403,503,601,76
10571,2025-04-08,103,201,301,401,502,601,49
10572,2025-12-13,104,201,304,403,502,601,144
10573,2025-11-02,110,201,303,401,503,602,196
10574,2026-04-27,112,201,305,401,501,601,86
10575,2026-03-02,103,201,305,404,503,601,514
10576,2026-02-26,112,203,304,401,503,601,143
10577,2025-02-28,110,203,301,401,503,601,145
10578,2026-04-17,101,201,305,402,502,603,302
10579,2025-07-01,101,203,303,404,502,603,252
10580,2025-10-23,104,203,305,402,503,601,302
10581,2026-03-07,107,201,305,402,503,601,209
10582,2025-03-06,117,201,303,401,502,601,100
10583,2026-06-18,118,203,304,403,503,601,87
10584,2026-02-06,105,201,302,401,503,601,78
10585,2026-04-27,116,201,305,403,501,603,228
10586,2025-08-07,112,201,302,402,501,601,200
10587,2025-09-30,114,203,301,401,501,601,250
10588,2026-03-28,112,201,303,404,501,601,297
10589,2025-12-06,110,201,302,404,501,601,351
10590,2026-06-19,104,204,305,402,501,601,250
10591,2025-05-10,113,201,305,402,503,601,187
10592,2025-03-20,110,202,303,403,503,603,242
10593,2025-01-01,109,203,305,404,503,603,271
10594,2025-05-06,104,201,305,404,503,603,325
10595,2025-10-11,103,201,305,401,501,603,350
10596,2025-09-28,103,201,301,403,503,603,136
10597,2025-02-10,102,201,301,401,503,601,131
10598,2025-11-14,114,201,301,403,503,603,169
10599,2025-06-01,102,203,304,402,503,601,60
10600,2025-01-14,112,201,305,404,503,603,96
10601,2026-06-15,102,201,304,401,503,603,134
10602,2025-05-11,106,204,303,404,503,601,365
10603,2025-12-21,119,203,303,402,502,601,180
10604,2025-05-09,101,201,304,402,503,601,97
10605,2025-08-21,103,201,303,402,501,601,243
10606,2026-03-12,108,201,303,404,501,603,476
10607,2025-10-09,108,201,301,401,502,601,204
10608,2025-12-03,115,202,301,404,503,603,63
10609,2026-05-24,108,201,301,401,503,602,219
10610,2026-01-08,106,201,305,402,503,601,248
10611,2026-06-07,104,203,304,404,501,601,292
10612,2026-06-13,108,203,305,404,503,603,141
10613,2025-12-30,102,202,305,401,503,603,78
10614,2026-05-31,103,203,304,404,503,601,286
10615,2026-01-27,105,201,301,401,502,601,99
10616,2025-11-05,111,203,301,404,502,602,292
10617,2025-08-24,106,204,305,403,501,603,254
10618,2025-09-03,115,201,305,401,501,602,135
10619,2025-04-30,118,202,303,401,502,601,113
10620,2025-12-18,115,201,301,404,502,603,394
10621,2025-02-26,101,203,301,401,502,603,136
10622,2026-06-14,102,201,303,404,501,603,371
10623,2025-11-05,102,203,305,404,503,602,95
10624,2025-02-11,110,201,303,404,501,601,337
10625,2025-01-05,103,201,302,401,502,601,147
10626,2025-09-12,102,201,305,402,503,601,241
10627,2025-03-29,105,201,304,404,501,602,269
10628,2026-04-04,116,202,301,402,501,603,268
10629,2025-09-12,110,201,302,401,503,603,240
10630,2025-08-09,108,201,302,404,501,603,289
10631,2026-02-13,101,201,302,401,502,601,184
10632,2025-10-11,115,201,305,404,503,603,305
10633,2025-06-30,105,203,304,404,501,603,232
10634,2026-02-03,101,201,301,402,503,602,309
10635,2026-06-05,115,201,305,401,501,603,110
10636,2026-03-01,102,201,301,404,501,601,395
10637,2026-01-03,117,203,303,404,501,601,133
10638,2025-05-30,101,201,303,401,503,601,153
10639,2026-01-02,118,201,303,404,503,602,394
10640,2026-01-02,111,201,305,401,502,603,213
10641,2026-05-18,107,201,301,404,503,601,291
10642,2025-09-03,109,201,305,403,501,601,161
10643,2026-02-06,103,202,304,404,501,601,329
10644,2025-04-27,105,204,302,404,502,601,240
10645,2025-12-24,106,203,303,401,503,602,228
10646,2025-01-30,101,201,304,401,502,602,116
10647,2026-04-29,109,201,303,403,503,603,194
10648,2025-09-23,108,204,304,402,503,601,287
10649,2026-06-01,102,202,301,401,502,603,159
10650,2026-01-22,114,201,302,404,502,601,241
10651,2026-01-03,116,201,303,404,501,603,359
10652,2025-07-30,110,202,303,404,503,601,442
10653,2025-01-19,112,204,301,403,502,601,231
10654,2026-03-05,101,201,301,404,501,601,218
10655,2025-02-26,110,201,305,404,501,603,189
10656,2025-10-15,107,203,303,404,503,601,191
10657,2026-03-09,112,201,301,401,501,602,205
10658,2025-01-27,111,203,305,401,502,603,61
10659,2026-05-23,108,201,305,401,503,603,277
10660,2026-01-24,108,203,305,402,503,601,151
10661,2026-02-08,104,201,305,401,503,601,89
10662,2025-05-13,111,201,304,403,503,602,308
10663,2025-11-23,110,203,303,401,503,601,197
10664,2026-05-01,119,201,302,404,503,601,289
10665,2025-03-15,102,201,303,401,501,603,136
10666,2025-05-18,104,201,301,402,503,601,82
10667,2026-05-31,115,201,302,402,503,601,56
10668,2025-02-25,108,203,305,404,502,603,210
10669,2025-06-29,103,201,305,402,501,603,184
10670,2026-03-20,108,203,304,404,501,603,325
10671,2025-12-19,107,201,303,401,501,602,165
10672,2025-04-27,109,202,303,401,501,601,74
10673,2026-02-20,110,201,302,403,501,601,149
10674,2025-11-22,111,201,304,404,503,601,353
10675,2025-02-18,110,201,303,401,503,601,185
10676,2026-04-23,108,201,301,402,503,601,217
10677,2026-05-29,108,201,301,404,503,603,160
10678,2025-07-08,101,201,301,401,501,601,196
10679,2025-08-12,111,201,304,401,503,601,138
10680,2025-01-03,113,202,304,404,501,601,76
10681,2025-03-07,101,203,303,404,501,603,144
10682,2025-10-08,112,202,301,401,501,602,171
10683,2025-07-07,113,204,301,402,503,601,221
10684,2026-01-22,108,201,304,404,503,601,173
10685,2025-05-03,102,201,301,404,503,603,212
10686,2025-05-29,115,203,303,403,501,603,133
10687,2025-07-18,103,201,305,404,503,601,48
10688,2025-02-27,109,202,303,403,503,603,257
10689,2025-12-31,103,201,303,404,501,601,289
10690,2025-06-08,114,201,302,403,501,601,267
10691,2025-08-08,111,203,305,404,501,603,389
10692,2026-06-21,112,202,301,403,501,601,52
10693,2026-05-21,110,203,304,402,503,601,284
10694,2025-07-28,107,201,305,401,503,603,194
10695,2026-03-25,101,204,305,401,501,603,47
10696,2025-08-31,104,201,304,403,503,601,10
10697,2026-01-29,101,204,305,401,503,601,54
10698,2025-01-07,115,201,305,401,503,601,302
10699,2025-01-28,108,201,301,404,501,602,297
10700,2025-11-21,102,201,303,401,501,601,257
10701,2026-06-18,104,201,301,401,501,601,49
10702,2025-12-02,108,201,302,402,501,601,375
10703,2026-05-10,116,201,301,404,503,601,215
10704,2026-01-26,103,201,303,401,502,603,111
10705,2025-01-09,104,201,301,402,501,603,406
10706,2025-12-01,106,202,301,404,501,603,412
10707,2025-11-16,101,202,305,401,501,603,21
10708,2026-04-06,104,203,305,404,502,603,190
10709,2025-07-23,113,201,301,401,502,601,126
10710,2026-06-21,111,204,301,401,501,601,251
10711,2025-02-16,116,201,305,402,503,603,278
10712,2026-01-18,106,202,301,402,502,603,321
10713,2025-07-17,113,202,305,402,503,602,190
10714,2025-04-10,102,201,305,401,501,603,155
10715,2025-11-25,103,203,304,402,501,603,18
10716,2025-01-26,107,202,301,404,503,601,213
10717,2026-06-12,114,202,301,401,503,603,197
10718,2025-10-09,109,203,301,403,501,603,206
10719,2026-02-26,104,203,305,401,503,603,302
10720,2026-03-22,104,204,302,404,502,602,142
10721,2026-03-31,103,204,303,401,501,601,159
10722,2025-02-21,107,204,304,402,502,601,258
10723,2025-11-19,107,201,305,404,501,601,86
10724,2025-05-09,110,202,305,401,501,601,221
10725,2025-06-23,115,202,301,401,503,601,240
10726,2025-07-11,110,201,301,404,503,601,281
10727,2026-01-28,110,201,301,404,501,602,161
10728,2025-12-22,102,203,304,402,501,603,219
10729,2025-08-03,115,201,305,401,501,602,31
10730,2026-02-27,110,201,305,401,501,601,207
10731,2025-04-11,115,201,303,402,502,601,210
10732,2026-06-21,108,203,303,401,503,601,173
10733,2026-01-06,110,203,303,401,501,601,226
10734,2026-04-13,108,201,304,401,502,602,136
10735,2025-09-13,102,201,305,401,503,601,83
10736,2026-05-22,116,203,301,401,501,603,112
10737,2026-05-31,109,201,302,401,503,603,248
10738,2025-03-20,108,203,305,403,503,602,297
10739,2025-12-25,105,203,302,401,503,602,123
10740,2025-01-17,116,204,303,403,503,603,169
10741,2026-02-04,103,201,302,401,501,602,168
10742,2026-02-28,102,201,304,402,501,601,38
10743,2025-03-07,101,203,301,402,501,603,198
10744,2025-04-11,103,203,301,404,501,603,382
10745,2025-11-11,116,201,301,402,501,601,121
10746,2025-04-19,109,203,302,401,501,603,10
10747,2025-07-01,110,201,301,401,503,603,116
10748,2026-05-11,109,203,301,403,503,601,181
10749,2025-12-30,101,201,302,404,503,603,274
10750,2026-05-19,119,203,301,404,501,601,301
10751,2025-03-19,108,203,301,404,503,603,152
10752,2025-05-29,103,201,301,402,501,601,217
10753,2025-04-11,110,201,303,401,502,601,147
10754,2026-06-02,108,202,301,401,501,602,124
10755,2025-06-05,106,201,301,402,501,601,178
10756,2025-08-17,102,201,305,401,503,601,159
10757,2026-04-15,104,203,305,402,501,603,244
10758,2025-04-28,102,201,302,404,503,601,112
10759,2026-03-17,113,201,302,404,502,601,104
10760,2025-02-22,102,204,304,402,503,603,85
10761,2025-09-07,115,202,304,404,503,603,271
10762,2026-01-01,103,203,303,402,501,601,286
10763,2025-12-01,105,201,302,403,503,603,212
10764,2026-01-29,108,202,301,402,503,601,165
10765,2025-08-09,116,203,304,402,503,603,279
10766,2026-03-20,109,203,303,404,502,601,149
10767,2025-10-25,108,201,302,404,501,603,39
10768,2025-10-08,104,203,304,402,501,603,204
10769,2025-10-29,106,201,302,402,502,603,184
10770,2025-09-30,116,201,304,402,501,601,34
10771,2025-07-16,101,202,303,403,502,601,255
10772,2026-06-06,110,201,304,404,501,603,104
10773,2025-02-22,104,203,301,401,502,601,93
10774,2025-06-29,110,203,302,401,501,603,277
10775,2025-04-13,108,201,303,404,503,602,323
10776,2025-08-21,116,201,301,404,503,602,113
10777,2025-08-11,108,201,305,404,501,602,322
10778,2025-09-27,103,201,304,404,503,603,321
10779,2026-01-06,104,201,303,403,503,601,415
10780,2026-01-17,110,203,303,401,502,602,134
10781,2026-05-23,115,203,305,401,503,601,242
10782,2026-06-15,108,201,302,401,503,601,104
10783,2025-03-20,103,201,302,404,503,602,195
10784,2025-08-24,108,201,301,402,501,603,130
10785,2025-03-27,112,201,303,401,503,603,221
10786,2025-11-10,102,202,301,401,503,601,226
10787,2025-11-27,110,201,301,404,501,601,482
10788,2025-11-14,108,202,301,404,501,603,439
10789,2025-02-14,109,201,305,404,503,603,237
10790,2026-01-14,109,202,304,404,502,603,329
10791,2025-06-30,110,201,301,402,503,601,325
10792,2025-10-22,103,201,301,404,501,601,345
10793,2025-11-07,101,201,304,401,501,601,138
10794,2025-01-11,101,203,301,403,501,601,321
10795,2025-12-25,119,201,301,401,503,601,206
10796,2026-02-09,101,203,302,404,503,603,237
10797,2025-11-22,108,201,304,404,503,602,228
10798,2026-03-31,118,203,304,401,503,603,135
10799,2025-02-21,104,201,301,403,501,601,20
10800,2026-05-24,103,202,301,402,503,602,82
10801,2026-04-13,108,201,303,404,503,601,64
10802,2026-02-17,106,202,305,404,503,601,158
10803,2025-04-01,111,201,301,402,501,603,355
10804,2025-11-15,108,201,305,401,503,603,301
10805,2026-03-24,114,202,301,401,502,603,10
10806,2025-01-23,102,202,301,404,502,603,93
10807,2025-02-20,105,202,304,404,503,603,432
10808,2025-09-25,109,203,302,401,503,602,38
10809,2025-05-08,109,201,302,404,501,602,370
10810,2025-07-17,116,201,302,404,503,603,209
10811,2026-05-29,104,201,301,402,501,601,273
10812,2025-10-17,106,203,302,404,501,601,233
10813,2025-10-13,104,202,305,401,503,602,202
10814,2025-07-27,110,201,303,403,503,601,163
10815,2025-06-14,108,201,301,404,501,603,328
10816,2026-03-07,104,201,303,404,502,602,98
10817,2026-01-11,112,201,302,402,503,603,117
10818,2025-12-22,103,201,303,402,501,601,108
10819,2026-04-09,104,203,301,404,502,602,331
10820,2025-08-02,105,201,305,404,502,601,230
10821,2025-02-06,109,204,301,401,503,601,193
10822,2026-04-12,113,202,305,404,503,601,191
10823,2025-11-16,105,201,301,402,503,602,230
10824,2025-07-10,108,201,303,404,501,603,472
10825,2025-06-13,104,203,302,401,503,602,281
10826,2026-04-15,109,203,301,401,501,602,132
10827,2025-10-04,108,201,304,404,503,603,142
10828,2025-12-20,107,201,301,401,503,601,120
10829,2025-04-09,109,203,305,404,503,602,217
10830,2026-04-24,101,203,303,401,501,603,184
10831,2025-08-03,113,204,304,404,501,601,323
10832,2025-04-16,102,204,301,404,502,601,231
10833,2025-05-27,106,202,301,404,503,601,307
10834,2025-12-20,102,204,301,402,502,602,298
10835,2026-02-18,120,202,302,401,503,603,31
10836,2026-03-02,108,201,302,401,503,603,81
10837,2025-03-26,105,201,301,402,501,601,200
10838,2026-01-13,104,203,301,402,502,603,111
10839,2026-03-26,110,202,303,404,503,601,210
10840,2025-01-31,114,201,302,402,501,601,209
10841,2025-08-24,101,201,305,404,502,601,215
10842,2025-05-19,116,202,302,404,503,602,232
10843,2026-03-12,109,202,301,402,503,603,217
10844,2026-02-14,105,201,302,401,503,601,237
10845,2026-01-17,105,203,305,404,501,602,175
10846,2025-06-01,102,201,305,401,503,601,135
10847,2025-09-25,116,202,302,401,502,602,148
10848,2025-09-03,107,204,303,401,501,603,262
10849,2025-07-18,102,201,303,404,503,601,129
10850,2025-06-06,112,203,304,401,501,602,111
10851,2025-02-24,101,203,302,404,503,601,334
10852,2025-05-11,102,204,303,404,503,601,207
10853,2025-05-13,113,201,302,403,501,601,209
10854,2026-06-16,104,201,301,404,503,601,325
10855,2026-02-06,117,203,303,402,501,603,123
10856,2026-02-21,101,201,305,401,503,601,116
10857,2026-02-09,106,202,301,404,502,603,314
10858,2025-01-14,103,201,305,403,503,601,105
10859,2025-10-16,108,202,302,402,501,601,197
10860,2026-04-09,113,201,303,401,502,601,111
10861,2026-06-19,110,201,303,401,503,602,60
10862,2025-12-12,112,201,304,402,502,602,63
10863,2025-10-24,120,201,304,402,501,601,285
10864,2025-08-17,115,201,301,404,501,601,261
10865,2025-10-03,105,201,304,403,503,603,241
10866,2025-03-08,107,201,303,404,503,601,315
10867,2026-03-23,113,201,304,403,501,603,358
10868,2025-10-05,104,201,305,401,502,603,145
10869,2025-08-22,116,201,305,404,503,603,124
10870,2025-12-17,104,204,304,404,501,601,383
10871,2025-08-13,104,201,305,403,502,601,252
10872,2026-01-25,105,202,304,402,503,603,184
10873,2025-07-05,104,201,305,402,503,601,207
10874,2026-06-22,117,203,303,402,501,603,163
10875,2025-11-26,108,201,301,401,501,603,86
10876,2026-06-23,108,202,301,404,502,601,235
10877,2025-12-25,108,201,305,401,501,601,190
10878,2025-10-14,107,204,305,404,501,603,222
10879,2025-11-21,111,204,305,404,501,601,269
10880,2025-12-31,117,201,305,403,503,601,131
10881,2025-05-04,104,203,302,401,503,601,158
10882,2025-08-05,107,203,305,401,502,601,160
10883,2025-07-26,103,203,305,404,501,603,215
10884,2025-03-15,106,201,305,404,503,603,349
10885,2025-07-17,101,203,301,401,502,601,106
10886,2026-03-07,116,201,301,401,501,601,85
10887,2026-02-01,112,202,303,401,501,602,301
10888,2026-01-18,115,203,305,404,503,601,255
10889,2026-03-25,108,201,305,401,502,601,193
10890,2025-01-02,113,202,301,402,503,601,278
10891,2025-06-27,103,201,304,401,501,603,70
10892,2026-01-09,109,201,302,404,501,602,117
10893,2026-06-23,112,203,301,401,503,602,114
10894,2025-08-25,101,201,305,404,503,601,378
10895,2026-01-18,107,201,301,404,503,603,253
10896,2025-12-02,109,201,304,404,503,601,287
10897,2026-03-25,110,201,301,404,501,603,319
10898,2026-04-04,103,204,304,404,501,602,10
10899,2025-10-02,110,203,303,404,503,602,318
10900,2025-08-30,105,201,305,401,502,602,10
10901,2026-04-09,103,203,304,401,501,603,173
10902,2025-01-23,108,202,303,403,502,601,24
10903,2025-09-14,115,201,303,402,501,601,119
10904,2025-08-20,108,201,304,401,503,602,177
10905,2025-05-09,108,201,301,401,503,601,201
10906,2025-10-12,101,201,305,404,502,603,296
10907,2026-03-28,110,201,303,402,501,602,255
10908,2026-03-27,107,201,301,402,502,603,74
10909,2025-11-29,115,203,305,404,501,601,105
10910,2025-03-21,101,202,304,404,501,602,252
10911,2026-04-12,108,201,304,402,503,602,195
10912,2025-11-23,102,201,302,403,503,601,258
10913,2025-05-12,115,201,301,403,503,601,101
10914,2026-05-27,109,204,305,404,501,601,368
10915,2026-05-15,109,203,304,402,503,603,236
10916,2026-06-12,111,201,303,403,502,602,168
10917,2025-07-22,108,201,301,401,503,603,133
10918,2026-04-18,115,203,302,404,503,601,162
10919,2025-06-03,108,203,303,401,503,602,168
10920,2025-01-04,108,203,304,404,501,603,347
10921,2025-12-10,115,201,304,401,503,602,150
10922,2025-01-10,105,201,301,404,502,602,173
10923,2025-10-05,101,201,303,404,502,603,388
10924,2025-05-03,109,201,305,401,503,603,158
10925,2025-05-16,101,204,301,404,501,602,263
10926,2025-05-26,115,203,304,404,503,602,314
10927,2025-06-09,107,201,302,402,503,603,169
10928,2025-12-11,103,203,301,404,501,603,149
10929,2025-01-29,112,201,303,402,503,603,167
10930,2025-01-23,116,201,301,403,503,603,187
10931,2025-08-17,103,203,303,401,501,602,116
10932,2025-06-27,102,201,305,404,503,603,222
10933,2025-09-11,101,202,304,403,502,601,384
10934,2025-07-27,111,203,302,404,501,601,324
10935,2025-12-19,117,201,301,404,502,602,252
10936,2025-08-20,112,201,301,401,503,603,278
10937,2025-05-27,116,202,301,402,503,603,242
10938,2026-04-26,104,204,304,404,502,601,255
10939,2026-04-23,109,203,301,402,501,601,157
10940,2025-06-14,102,203,301,404,501,601,324
10941,2025-02-17,107,203,303,404,501,603,261
10942,2025-05-17,114,201,303,404,501,603,268
10943,2026-04-30,102,203,305,402,502,601,134
10944,2025-07-08,105,203,301,404,501,601,332
10945,2026-04-15,117,202,303,401,501,602,83
10946,2025-07-07,115,204,303,404,503,602,211
10947,2025-01-22,104,201,302,401,501,603,10
10948,2025-05-21,116,202,301,404,501,601,357
10949,2026-02-01,101,202,303,401,502,603,125
10950,2025-11-04,103,201,305,404,501,601,228
10951,2025-06-24,102,201,304,404,501,601,389
10952,2026-01-12,107,202,303,402,502,602,334
10953,2025-08-23,109,201,302,402,503,601,309
10954,2025-03-17,116,201,303,401,501,601,176
10955,2025-06-24,108,202,304,402,503,602,176
10956,2025-09-07,111,201,304,404,501,603,282
10957,2025-09-28,115,202,301,403,502,603,124
10958,2026-05-06,103,201,301,401,503,601,48
10959,2025-05-15,109,203,304,402,503,603,76
10960,2025-08-09,110,201,303,401,501,601,228
10961,2025-07-24,115,201,302,402,502,601,211
10962,2025-06-12,108,201,305,404,502,601,269
10963,2025-11-03,113,203,303,401,501,601,227
10964,2026-05-18,106,201,305,402,502,601,131
10965,2025-08-23,110,201,302,404,501,601,286
10966,2025-03-22,104,203,305,404,501,603,300
10967,2026-03-15,102,201,305,404,501,602,390
10968,2025-04-15,103,201,305,404,503,603,127
10969,2026-04-08,110,203,305,404,503,603,380
10970,2025-07-09,115,201,301,402,503,601,281
10971,2025-04-25,104,201,301,404,502,601,231
10972,2025-10-24,111,203,301,401,503,601,265
10973,2025-07-10,115,201,304,401,503,603,124
10974,2026-05-29,109,204,303,401,501,603,78
10975,2025-08-09,120,201,302,401,503,601,235
10976,2026-05-20,110,203,302,403,502,601,143
10977,2026-05-07,116,201,305,404,502,601,333
10978,2025-06-11,115,201,303,404,502,602,205
10979,2026-06-17,102,201,305,402,503,603,174
10980,2025-07-11,116,203,301,404,503,601,433
10981,2026-05-17,102,201,305,404,503,601,225
10982,2025-05-16,104,201,303,404,501,603,248
10983,2025-02-18,114,201,301,401,503,601,122
10984,2025-11-15,115,201,303,403,502,601,126
10985,2025-09-22,112,203,302,403,502,603,161
10986,2025-12-02,116,203,302,403,503,602,176
10987,2025-11-28,106,201,305,404,501,601,116
10988,2025-09-02,110,201,304,401,502,601,80
10989,2026-02-07,103,202,301,404,501,603,361
10990,2026-02-18,102,204,305,401,503,602,143
10991,2025-12-08,101,201,305,403,501,601,227
10992,2025-11-03,101,202,304,401,501,603,45
10993,2025-05-12,102,204,304,401,503,601,95
10994,2025-06-20,110,202,303,402,503,603,188
10995,2025-12-15,103,203,305,402,501,602,208
10996,2025-01-08,103,201,301,404,501,601,182
10997,2025-09-25,103,201,305,403,502,603,95
10998,2025-09-30,110,201,301,402,503,602,257
10999,2026-04-25,103,201,305,402,503,601,362
11000,2026-03-24,116,201,305,404,503,603,278
11001,2025-10-09,109,201,301,404,503,601,299
11002,2025-12-31,116,201,303,402,501,602,71
11003,2025-05-29,108,201,301,402,501,603,210
11004,2026-03-22,110,201,304,404,501,601,372
11005,2025-10-20,110,201,302,404,503,603,128
11006,2025-09-01,104,204,301,401,501,601,149
11007,2025-06-25,101,201,303,404,502,603,102
11008,2025-07-01,114,201,301,404,503,601,131
11009,2025-09-22,101,203,305,404,501,603,290
11010,2026-06-09,116,201,302,404,501,602,284
11011,2025-06-27,115,203,301,404,501,601,284
11012,2025-08-31,105,201,303,402,501,601,60
11013,2025-11-07,101,201,301,401,501,601,275
11014,2026-06-05,108,201,305,401,503,603,283
11015,2026-02-02,102,202,302,401,501,601,130
11016,2025-12-07,113,203,303,401,502,603,208
11017,2025-04-18,115,201,302,404,503,601,309
11018,2025-03-22,103,201,301,403,501,601,174
11019,2025-05-14,110,203,304,404,503,601,274
11020,2026-03-11,103,201,302,404,503,601,199
11021,2025-08-15,103,201,302,403,501,603,145
11022,2025-04-02,110,203,301,402,503,603,32
11023,2025-08-09,115,204,303,404,503,602,351
11024,2026-05-15,115,201,301,401,502,601,123
11025,2025-07-27,112,201,303,404,503,601,321
11026,2025-07-05,105,201,305,402,501,601,139
11027,2025-02-01,117,201,303,401,503,601,160
11028,2025-11-14,112,201,303,401,503,601,85
11029,2025-06-26,110,201,305,401,503,601,74
11030,2025-01-08,112,203,304,403,503,603,172
11031,2025-06-24,104,201,301,401,502,601,99
11032,2025-08-20,111,203,303,404,501,601,150
11033,2025-01-24,116,203,304,401,502,601,147
11034,2025-06-13,114,201,303,404,501,603,251
11035,2026-01-26,101,203,303,404,503,603,264
11036,2025-07-06,113,201,302,404,503,603,363
11037,2025-02-08,105,201,305,404,502,603,234
11038,2025-06-28,108,203,304,401,502,603,10
11039,2025-05-29,110,204,301,403,503,602,258
11040,2026-03-07,103,201,305,404,503,603,79
11041,2025-02-21,114,203,301,404,503,601,348
11042,2025-10-04,103,204,303,402,501,601,120
11043,2025-06-30,110,203,301,401,502,601,294
11044,2025-09-12,104,201,302,401,501,603,166
11045,2026-03-29,104,201,301,402,501,601,155
11046,2025-03-04,102,203,304,403,501,601,257
11047,2025-02-14,112,202,303,402,502,603,334
11048,2026-02-19,112,203,305,402,503,601,90
11049,2025-02-16,105,201,303,404,502,603,245
11050,2026-02-14,102,201,301,404,501,602,97
11051,2025-08-19,107,201,301,404,502,603,321
11052,2025-05-08,113,201,303,404,503,601,155
11053,2026-03-17,108,201,305,403,502,603,118
11054,2025-02-13,107,201,303,402,502,602,157
11055,2025-04-19,108,204,301,404,503,603,209
11056,2025-03-28,104,203,305,401,502,601,136
11057,2026-06-15,111,202,301,401,503,601,115
11058,2026-02-05,105,202,302,401,501,601,299
11059,2025-05-10,101,202,303,404,503,601,164
11060,2025-12-14,106,202,304,404,503,603,290
11061,2026-02-28,110,202,304,404,503,603,333
11062,2025-02-13,110,203,303,402,503,601,289
11063,2026-06-08,110,203,301,404,502,601,219
11064,2026-04-01,108,201,305,402,501,601,352
11065,2026-06-19,104,201,304,401,503,603,273
11066,2025-11-21,102,201,303,401,501,601,92
11067,2026-02-13,107,203,301,404,501,601,137
11068,2025-08-23,114,203,301,402,501,601,235
11069,2026-06-08,109,203,302,401,501,603,17
11070,2026-03-23,102,203,302,404,503,601,425
11071,2025-11-05,102,201,305,403,503,601,197
11072,2025-01-20,107,201,303,401,502,603,139
11073,2026-01-09,110,203,302,404,501,601,80
11074,2025-07-18,107,203,302,404,503,602,350
11075,2026-02-27,102,204,301,401,503,601,10
11076,2025-07-22,106,202,305,403,501,603,88
11077,2026-01-08,113,203,302,401,503,601,236
11078,2026-02-06,103,202,305,404,501,602,133
11079,2025-03-29,108,201,301,401,503,602,149
11080,2025-02-15,110,201,304,402,503,602,258
11081,2025-11-29,103,201,305,403,501,603,178
11082,2025-10-30,106,201,303,402,501,601,252
11083,2026-01-25,110,201,301,401,503,603,226
11084,2025-08-19,109,202,301,404,502,601,204
11085,2026-03-10,109,202,303,404,503,603,154
11086,2025-09-15,103,201,305,401,503,601,155
11087,2025-01-13,109,202,301,404,503,601,283
11088,2025-03-28,109,203,302,401,502,603,136
11089,2025-11-02,110,201,305,402,501,601,180
11090,2026-04-28,105,203,301,401,503,603,13
11091,2025-12-09,101,202,302,402,503,603,239
11092,2026-05-17,104,202,303,401,503,603,272
11093,2025-05-30,101,201,303,401,501,601,197
11094,2026-05-04,110,202,304,402,501,603,177
11095,2025-01-12,110,201,305,404,503,601,401
11096,2026-05-24,109,202,301,404,503,601,190
11097,2026-04-05,111,201,303,402,501,602,207
11098,2025-11-11,102,203,305,402,503,603,213
11099,2026-06-02,114,201,304,401,503,601,132
11100,2025-02-11,115,202,305,402,501,601,113
11101,2026-06-15,115,201,304,401,503,603,84
11102,2026-06-06,119,201,302,402,502,603,478
11103,2026-04-21,117,202,305,403,501,601,37
11104,2025-03-22,106,204,304,401,503,603,197
11105,2025-01-16,103,203,301,404,502,603,326
11106,2025-07-28,112,201,303,402,503,603,270
11107,2026-01-12,111,203,304,404,502,603,343
11108,2026-01-12,107,204,301,404,502,601,439
11109,2026-04-14,115,201,301,404,502,602,238
11110,2025-12-17,105,203,301,401,501,603,208
11111,2025-09-04,111,203,301,401,503,602,75
11112,2025-10-27,119,204,305,404,502,603,226
11113,2025-07-24,111,202,304,404,501,602,336
11114,2026-03-06,104,203,303,404,501,601,112
11115,2026-01-05,103,202,302,403,501,603,353
11116,2025-08-24,110,203,303,402,503,601,100
11117,2025-06-11,116,202,304,402,503,603,130
11118,2026-04-10,109,201,301,401,502,601,197
11119,2025-01-20,103,201,304,403,501,601,318
11120,2026-02-19,103,201,304,402,503,601,189
11121,2026-06-06,114,203,301,404,503,603,376
11122,2025-12-17,115,201,305,403,502,601,239
11123,2026-04-05,104,202,304,401,503,602,166
11124,2026-06-20,108,201,304,404,502,601,336
11125,2025-01-11,116,201,304,402,501,603,149
11126,2025-06-25,101,203,301,404,501,601,226
11127,2025-12-08,110,203,303,404,502,601,245
11128,2026-06-10,105,201,303,401,501,603,58
11129,2026-06-23,113,201,303,403,503,602,130
11130,2025-05-08,113,202,305,402,501,603,130
11131,2025-05-12,104,202,301,401,502,603,208
11132,2025-11-14,102,203,304,404,503,601,256
11133,2025-06-23,108,202,302,404,503,601,97
11134,2025-03-08,116,201,301,402,503,602,146
11135,2025-10-09,108,203,302,401,501,603,182
11136,2026-05-28,106,202,301,404,502,602,162
11137,2025-09-29,110,201,301,404,503,601,318
11138,2026-02-26,114,203,304,402,503,601,250
11139,2025-04-27,109,203,302,404,503,601,127
11140,2025-05-11,101,204,304,404,503,603,218
11141,2025-09-14,104,203,303,403,501,603,128
11142,2025-01-25,107,201,301,403,502,603,234
11143,2025-06-17,115,201,304,402,503,603,322
11144,2025-07-29,101,201,301,404,503,602,304
11145,2025-08-01,116,204,301,404,502,601,354
11146,2026-05-31,108,201,304,401,503,601,123
11147,2025-05-06,105,201,303,401,503,601,56
11148,2026-04-22,110,203,301,404,501,601,98
11149,2025-09-26,116,203,301,404,502,603,391
11150,2026-03-20,103,203,301,401,501,603,84
11151,2025-10-06,118,201,303,403,501,601,248
11152,2026-01-12,108,202,301,401,503,601,225
11153,2025-10-16,105,203,301,404,502,603,219
11154,2026-06-05,111,203,301,404,501,603,335
11155,2026-01-24,118,203,301,401,501,601,16
11156,2025-09-23,101,203,301,401,501,601,331
11157,2025-08-27,106,201,303,402,502,601,204
11158,2025-10-22,108,202,301,404,503,602,184
11159,2025-03-18,102,201,305,401,501,602,160
11160,2026-04-10,103,201,303,404,503,601,193
11161,2025-06-05,103,201,304,404,501,601,32
11162,2025-03-16,107,201,303,404,501,602,197
11163,2026-01-10,113,201,301,402,502,601,103
11164,2026-06-15,102,204,304,404,503,603,251
11165,2025-05-13,113,203,305,403,501,603,111
11166,2026-04-19,110,203,303,404,502,601,96
11167,2025-05-26,103,201,301,404,502,601,137
11168,2025-06-20,102,204,305,401,502,601,154
11169,2025-09-19,112,201,301,402,502,601,332
11170,2026-01-11,103,204,303,404,501,601,356
11171,2025-01-08,110,201,305,401,503,603,113
11172,2025-03-03,104,201,305,402,501,601,182
11173,2026-02-20,105,202,305,401,502,601,208
11174,2025-04-11,110,201,305,401,503,603,251
11175,2025-10-07,103,203,301,403,501,601,238
11176,2025-02-04,108,202,301,401,501,601,158
11177,2025-06-24,116,201,303,404,503,601,96
11178,2026-05-22,106,202,301,401,502,602,258
11179,2026-03-30,110,201,301,402,503,603,32
11180,2026-02-18,109,201,302,404,501,603,13
11181,2025-06-24,106,203,305,402,502,603,108
11182,2026-02-14,109,201,304,403,503,603,262
11183,2026-01-30,116,202,305,404,503,601,157
11184,2026-06-14,103,202,302,401,502,601,126
11185,2026-01-30,113,201,303,404,501,601,265
11186,2026-06-22,103,201,301,404,502,603,311
11187,2025-08-03,108,202,302,404,502,601,395
11188,2025-08-05,115,203,302,404,503,603,293
11189,2025-08-15,113,202,305,401,501,601,229
11190,2025-01-09,109,204,301,404,503,603,307
11191,2025-05-14,112,201,303,404,501,601,127
11192,2025-05-27,108,202,301,401,502,601,100
11193,2025-02-19,113,201,301,403,501,601,191
11194,2025-10-28,109,201,303,404,503,603,166
11195,2025-11-17,113,201,301,404,503,603,210
11196,2025-08-22,109,201,301,404,501,601,317
11197,2025-03-12,109,201,302,402,503,603,166
11198,2025-09-03,103,201,304,402,502,603,112
11199,2025-04-13,111,202,305,401,501,603,289
11200,2025-03-27,102,204,304,402,503,603,252
11201,2025-03-12,116,202,304,404,503,603,303
11202,2025-05-10,109,201,301,404,502,603,310
11203,2026-05-04,110,201,301,401,503,601,226
11204,2025-03-24,109,201,301,402,502,603,245
11205,2025-04-14,109,201,305,401,503,603,278
11206,2025-03-04,109,201,301,404,503,603,106
11207,2025-12-27,101,201,302,401,503,603,179
11208,2025-11-06,110,202,302,401,501,603,55
11209,2025-03-19,102,201,301,402,501,603,191
11210,2025-09-10,110,201,303,404,503,603,314
11211,2025-05-08,116,204,302,404,503,601,70
11212,2025-08-28,112,204,301,401,503,601,85
11213,2025-02-03,108,201,303,404,502,601,131
11214,2026-01-11,106,203,304,404,501,602,189
11215,2025-03-07,101,201,304,403,501,601,444
11216,2025-03-16,109,203,305,404,503,601,98
11217,2026-04-16,102,202,304,402,503,602,59
11218,2026-02-20,108,203,302,401,503,603,222
11219,2025-01-14,116,204,302,401,502,601,147
11220,2025-02-06,116,203,305,402,503,601,269
11221,2025-10-29,105,202,301,401,501,601,278
11222,2026-01-29,103,201,305,401,503,601,254
11223,2025-08-08,103,201,304,404,502,603,367
11224,2025-11-17,103,202,304,404,501,601,232
11225,2025-10-03,108,201,302,404,502,601,386
11226,2025-07-02,109,201,301,404,503,603,347
11227,2025-05-27,120,201,301,402,501,602,200
11228,2025-09-20,101,204,303,403,503,601,208
11229,2025-03-22,107,203,301,401,501,601,119
11230,2025-10-10,115,201,303,404,501,601,257
11231,2026-02-11,105,203,301,401,502,601,175
11232,2025-08-10,111,201,301,401,501,602,167
11233,2025-01-27,120,203,303,401,503,601,121
11234,2025-07-13,115,202,304,404,501,602,194
11235,2025-09-17,110,203,304,401,501,601,146
11236,2025-05-16,116,201,303,404,503,602,218
11237,2026-06-14,103,201,303,402,502,601,292
11238,2026-02-05,102,201,305,404,502,602,254
11239,2025-03-20,105,201,303,403,501,602,189
11240,2025-07-17,107,203,303,404,502,601,35
11241,2026-04-03,106,201,303,402,503,603,83
11242,2025-04-05,107,201,301,403,503,601,349
11243,2026-05-16,113,201,301,403,501,601,176
11244,2025-12-28,107,204,304,404,503,601,368
11245,2025-10-30,102,202,305,404,503,601,251
11246,2025-06-10,111,201,301,401,503,603,112
11247,2026-01-04,113,201,301,403,501,603,402
11248,2025-05-03,108,204,301,402,502,601,76
11249,2025-04-17,105,201,305,401,503,603,84
11250,2026-05-13,105,204,304,404,503,601,180
11251,2026-06-09,110,203,305,404,501,601,163
11252,2025-04-15,101,201,305,404,503,603,191
11253,2026-04-20,110,203,302,402,502,601,199
11254,2025-12-03,112,203,305,404,501,603,204
11255,2026-02-19,101,201,304,402,503,603,215
11256,2025-01-28,103,201,304,404,501,601,271
11257,2025-10-24,116,201,305,402,503,601,162
11258,2026-03-16,116,201,303,401,503,601,99
11259,2025-12-02,101,201,301,402,501,601,269
11260,2025-05-26,111,202,301,404,501,603,199
11261,2025-12-09,115,201,303,401,503,603,28
11262,2025-01-16,108,204,303,402,503,603,132
11263,2025-04-12,110,203,301,404,503,601,238
11264,2025-10-18,115,201,302,404,502,602,87
11265,2025-01-06,108,201,305,402,501,602,315
11266,2025-04-25,113,203,304,401,503,603,124
11267,2025-08-01,115,203,305,403,503,602,176
11268,2025-08-14,112,202,303,403,502,601,131
11269,2025-08-29,118,201,301,403,503,601,155
11270,2025-06-24,109,204,301,401,501,602,64
11271,2025-04-01,109,201,303,404,501,601,213
11272,2026-05-15,112,203,302,401,503,603,249
11273,2026-03-19,108,201,302,404,503,603,335
11274,2025-12-20,103,201,301,404,503,601,313
11275,2025-09-23,114,201,301,402,501,602,167
11276,2025-05-22,101,201,303,404,503,601,450
11277,2025-10-29,114,201,304,402,501,601,106
11278,2026-03-08,106,201,304,404,501,601,267
11279,2025-10-01,104,201,301,401,503,601,196
11280,2025-09-13,112,201,303,404,501,601,178
11281,2025-11-25,107,201,303,404,501,601,255
11282,2026-06-22,103,203,304,402,501,602,166
11283,2025-01-28,108,203,305,402,502,603,244
11284,2025-07-09,101,203,301,404,503,603,262
11285,2026-03-20,105,201,305,403,503,603,146
11286,2026-05-11,112,203,305,402,503,603,125
11287,2026-05-26,109,201,301,404,501,601,200
11288,2025-08-11,118,201,305,401,501,601,213
11289,2025-03-20,106,201,301,402,502,601,241
11290,2026-04-29,116,204,305,404,501,603,258
11291,2025-02-21,108,201,301,404,503,601,248
11292,2025-09-19,109,202,303,402,501,601,250
11293,2026-05-05,103,203,305,402,501,602,111
11294,2025-11-30,101,201,304,404,501,603,379
11295,2025-07-04,116,203,301,401,502,601,182
11296,2025-09-21,109,201,302,402,503,601,441
11297,2026-03-07,112,201,302,402,503,601,165
11298,2025-10-14,112,201,303,404,502,603,273
11299,2025-12-23,109,201,303,401,503,603,243
11300,2026-01-13,101,203,302,403,501,601,273
11301,2025-01-23,108,201,304,401,501,603,68
11302,2025-04-02,115,202,301,401,502,603,216
11303,2026-04-10,102,201,301,404,501,603,159
11304,2025-12-13,103,203,305,404,502,603,135
11305,2025-06-27,101,201,301,402,503,601,157
11306,2026-05-03,110,201,304,401,503,601,185
11307,2025-03-23,110,201,303,404,503,601,235
11308,2025-07-12,103,202,302,404,503,602,129
11309,2026-06-13,103,201,304,401,502,601,104
11310,2025-12-05,101,203,301,403,501,603,304
11311,2026-04-09,103,202,301,404,501,603,157
11312,2025-08-01,107,203,301,404,503,602,223
11313,2025-08-28,110,201,301,401,501,601,10
11314,2025-09-29,103,201,303,402,502,601,326
11315,2026-05-21,103,201,304,402,503,601,96
11316,2025-07-22,110,201,304,401,501,603,62
11317,2025-06-09,101,204,305,401,501,601,291
11318,2026-02-26,109,203,302,402,501,601,213
11319,2025-08-11,110,201,302,402,501,603,243
11320,2025-05-02,114,203,303,402,501,601,326
11321,2025-09-22,109,203,304,402,503,601,220
11322,2025-08-29,104,201,305,403,503,603,200
11323,2025-10-24,115,201,302,401,501,603,96
11324,2025-02-05,114,202,305,402,501,602,10
11325,2025-02-27,111,204,305,404,503,601,293
11326,2025-02-13,107,204,301,402,503,601,238
11327,2026-06-15,110,201,304,401,501,603,42
11328,2025-09-03,108,202,302,402,501,603,253
11329,2025-06-29,110,202,302,402,502,603,296
11330,2026-03-15,101,203,301,404,503,601,248
11331,2025-02-19,110,201,305,404,501,601,152
11332,2025-06-26,102,204,305,401,501,601,205
11333,2025-05-08,107,201,305,401,501,601,16
11334,2025-11-05,110,201,302,402,503,601,135
11335,2025-04-02,101,204,305,401,502,603,206
11336,2025-07-13,105,202,303,402,503,601,222
11337,2026-06-24,103,201,305,401,503,603,59
11338,2025-11-04,105,203,301,404,503,601,412
11339,2025-07-03,101,201,305,404,503,602,164
11340,2025-09-22,103,202,305,404,503,602,270
11341,2025-11-09,102,202,302,401,503,602,223
11342,2025-03-03,110,201,303,404,503,601,301
11343,2025-01-13,117,203,301,404,502,601,270
11344,2025-05-10,115,201,301,404,502,601,245
11345,2025-01-12,113,204,303,401,503,603,129
11346,2025-06-19,110,204,304,402,503,601,73
11347,2025-09-21,113,203,303,404,501,602,79
11348,2026-01-17,109,204,301,404,503,601,277
11349,2025-12-23,110,201,301,402,501,602,228
11350,2025-10-04,116,201,301,402,502,601,141
11351,2026-02-23,105,201,303,404,502,603,210
11352,2026-06-15,108,202,305,404,501,601,54
11353,2026-05-15,109,201,301,404,501,601,218
11354,2025-04-29,106,203,301,404,502,601,375
11355,2025-10-16,101,201,303,404,503,602,387
11356,2025-04-19,108,203,301,402,503,601,269
11357,2026-03-25,116,202,302,404,503,603,301
11358,2025-01-06,109,201,302,404,503,603,317
11359,2026-02-25,110,201,301,401,503,603,93
11360,2025-09-29,109,201,302,404,501,603,302
11361,2025-06-25,109,204,301,402,502,602,107
11362,2025-02-20,108,201,305,404,503,603,258
11363,2025-12-17,104,201,301,402,501,602,261
11364,2025-09-03,106,201,301,403,503,603,263
11365,2025-10-31,101,202,301,403,503,603,246
11366,2025-01-24,116,201,302,404,503,603,254
11367,2025-12-15,101,201,301,404,503,601,256
11368,2025-12-31,104,201,304,402,502,601,327
11369,2025-06-05,107,201,304,404,501,601,197
11370,2025-06-26,110,203,303,401,502,601,308
11371,2025-09-19,104,203,301,402,501,603,245
11372,2025-02-12,117,201,302,403,503,603,214
11373,2025-08-05,106,203,301,401,501,602,221
11374,2025-02-05,116,203,301,404,501,601,263
11375,2026-01-03,104,203,302,401,501,603,81
11376,2025-08-30,104,201,305,401,503,601,137
11377,2025-07-26,109,201,305,402,501,603,239
11378,2025-11-16,105,203,302,402,501,601,79
11379,2025-07-10,108,203,304,401,501,601,221
11380,2025-12-27,113,202,303,402,503,602,68
11381,2025-12-27,116,201,302,401,503,601,184
11382,2025-04-22,116,203,301,403,501,601,174
11383,2026-05-21,115,202,304,404,502,601,355
11384,2025-01-30,115,202,304,401,503,601,175
11385,2025-04-13,112,202,304,402,503,601,162
11386,2025-02-07,107,204,302,404,503,601,219
11387,2026-04-13,108,203,303,401,501,601,259
11388,2025-09-30,106,201,304,402,501,602,231
11389,2026-04-03,110,202,304,401,503,603,146
11390,2025-05-28,108,203,305,402,503,601,234
11391,2025-08-19,109,202,302,401,502,601,231
11392,2026-03-01,110,201,304,403,503,601,279
11393,2025-11-04,110,201,303,403,503,601,128
11394,2025-10-24,118,201,305,403,502,603,219
11395,2025-12-08,109,201,302,402,503,603,226
11396,2025-03-20,115,201,303,401,502,603,136
11397,2025-09-27,108,202,301,403,501,601,119
11398,2025-06-05,110,201,301,404,501,603,160
11399,2025-06-05,105,203,303,402,503,602,251
11400,2025-12-17,116,203,301,403,503,603,165
11401,2025-08-21,109,201,302,401,503,601,175
11402,2025-12-29,105,202,305,402,501,603,281
11403,2025-10-06,101,202,305,402,503,602,10
11404,2025-10-12,111,203,304,401,501,601,272
11405,2026-03-03,115,202,304,404,501,603,292
11406,2025-02-03,106,201,302,404,502,603,190
11407,2025-11-23,114,201,303,402,502,603,19
11408,2025-09-19,115,202,304,404,502,603,97
11409,2025-03-13,105,201,302,401,501,601,160
11410,2025-10-26,104,201,303,401,503,601,82
11411,2025-02-08,101,204,301,404,503,601,238
11412,2025-06-05,108,201,302,404,502,601,336
11413,2025-04-01,110,201,305,402,501,603,164
11414,2026-05-31,104,201,304,401,503,601,120
11415,2025-10-10,106,203,302,401,501,601,138
11416,2026-01-25,115,203,304,402,501,603,123
11417,2026-02-19,104,203,301,404,503,602,88
11418,2026-04-11,108,201,302,404,503,603,215
11419,2026-01-16,115,203,304,404,501,603,323
11420,2025-07-03,116,203,301,402,502,603,111
11421,2025-12-05,109,201,301,404,503,603,164
11422,2025-09-23,108,203,302,403,503,603,298
11423,2026-05-24,101,203,304,404,502,601,141
11424,2025-09-03,105,202,303,401,501,601,10
11425,2025-12-24,101,203,302,404,501,602,251
11426,2025-11-28,115,203,301,401,501,601,154
11427,2025-04-23,119,202,304,402,502,602,242
11428,2026-02-11,104,201,301,403,503,601,276
11429,2026-03-26,110,201,302,401,503,601,47
11430,2025-06-29,109,201,301,404,501,601,156
11431,2025-06-30,110,204,305,401,503,603,203
11432,2025-09-14,101,201,305,401,503,603,143
11433,2026-03-31,116,203,302,401,503,602,109
11434,2025-10-06,102,202,301,402,503,601,174
11435,2025-10-31,101,203,301,401,501,601,116
11436,2025-01-23,104,202,304,404,503,603,272
11437,2025-11-16,104,201,305,404,503,602,353
11438,2026-06-07,108,201,302,401,502,601,177
11439,2025-10-12,111,203,305,402,503,601,147
11440,2025-09-21,114,201,302,404,503,601,440
11441,2025-04-22,113,203,301,402,503,601,61
11442,2025-02-27,113,201,305,404,503,603,352
11443,2026-02-01,103,201,303,404,503,603,290
11444,2025-10-23,110,201,305,404,503,601,311
11445,2026-04-08,113,201,303,404,501,602,254
11446,2025-09-14,101,203,305,404,501,601,254
11447,2025-05-28,108,201,303,401,501,601,136
11448,2026-02-03,104,201,301,404,501,601,450
11449,2026-04-20,110,201,301,402,501,601,127
11450,2025-05-11,108,202,305,404,503,602,229
11451,2026-03-11,120,203,301,401,502,603,83
11452,2025-03-16,103,204,305,404,503,603,313
11453,2025-03-28,105,201,301,404,502,601,202
11454,2025-06-24,108,201,304,403,501,601,92
11455,2025-12-22,108,203,305,404,501,601,207
11456,2026-05-16,112,201,301,401,501,601,187
11457,2026-03-03,101,203,305,404,503,603,161
11458,2025-12-18,106,201,301,401,503,603,168
11459,2025-04-18,102,201,304,401,501,601,264
11460,2025-06-28,103,203,302,404,502,601,152
11461,2025-12-07,107,204,304,402,501,601,207
11462,2025-05-05,115,203,302,401,503,603,89
11463,2025-06-05,110,201,301,404,502,603,258
11464,2025-12-28,115,201,305,404,501,603,209
11465,2026-02-11,115,201,301,402,503,603,243
11466,2025-12-15,104,202,304,401,502,603,226
11467,2025-04-06,103,201,303,402,503,601,137
11468,2026-04-29,120,203,301,401,503,602,173
11469,2026-03-20,108,201,303,404,503,602,300
11470,2025-04-25,116,201,302,404,503,601,10
11471,2026-03-11,108,204,304,404,502,603,148
11472,2025-07-01,109,202,301,401,501,601,232
11473,2026-04-03,104,203,303,404,501,603,448
11474,2025-07-16,103,203,304,404,502,601,332
11475,2025-10-19,115,201,305,404,503,603,203
11476,2025-09-20,116,201,302,404,502,603,212
11477,2025-01-21,109,204,302,404,501,603,319
11478,2025-02-25,113,202,302,401,503,603,187
11479,2026-01-29,108,203,301,402,501,603,310
11480,2026-06-13,112,203,302,404,501,603,183
11481,2025-07-13,101,201,301,402,503,602,103
11482,2025-03-02,109,201,301,402,501,601,180
11483,2026-01-11,119,203,304,401,503,601,101
11484,2026-01-18,104,203,303,402,501,603,277
11485,2025-05-13,109,201,305,403,501,601,337
11486,2025-06-14,103,201,304,402,503,601,35
11487,2025-01-07,108,204,305,404,502,601,350
11488,2026-05-28,109,201,301,402,501,601,142
11489,2025-11-12,102,202,301,404,503,601,23
11490,2026-03-14,101,201,303,404,502,603,278
11491,2026-05-31,115,202,301,404,501,603,184
11492,2025-07-14,113,203,303,404,503,601,384
11493,2026-03-04,120,202,301,402,503,601,421
11494,2025-11-17,103,203,303,403,501,603,239
11495,2026-01-11,106,201,305,401,502,601,244
11496,2025-09-17,109,203,302,402,503,601,276
11497,2026-05-05,104,203,303,403,501,601,224
11498,2025-06-01,105,201,301,402,503,603,127
11499,2025-11-05,101,203,305,404,502,601,69
11500,2026-01-24,107,201,301,404,502,603,275
11501,2025-08-12,101,201,303,404,503,601,143
11502,2025-04-07,119,203,305,402,501,601,331
11503,2025-01-31,118,201,305,404,503,601,250
11504,2025-08-08,101,201,305,404,501,602,249
11505,2025-01-02,114,203,301,402,503,601,255
11506,2026-05-23,105,201,303,401,503,601,53
11507,2026-04-19,101,203,303,404,501,602,274
11508,2026-02-03,108,201,301,404,502,603,336
11509,2026-03-03,102,203,301,402,503,603,98
11510,2026-03-29,109,201,304,403,502,601,274
11511,2025-05-06,118,201,301,401,503,603,176
11512,2025-02-26,110,204,304,401,503,601,219
11513,2025-09-24,110,201,301,402,501,601,451
11514,2025-08-30,105,201,301,403,501,602,223
11515,2026-01-02,120,203,302,404,503,601,134
11516,2025-07-08,113,202,302,401,503,603,194
11517,2026-02-23,104,201,301,401,503,602,242
11518,2025-03-02,104,201,304,402,501,601,161
11519,2025-08-19,115,201,301,404,501,601,226
11520,2025-01-26,103,203,305,401,501,601,194
11521,2026-03-20,108,203,302,402,503,603,384
11522,2026-06-12,119,203,305,401,503,601,266
11523,2025-03-19,113,201,305,404,503,601,258
11524,2025-11-30,110,201,301,403,501,601,92
11525,2026-03-29,110,201,302,401,503,603,185
11526,2025-12-01,101,203,304,404,503,601,382
11527,2025-07-16,110,202,305,402,501,601,166
11528,2025-01-26,108,203,303,404,503,603,330
11529,2026-01-22,113,203,305,401,503,601,59
11530,2026-03-19,114,201,301,403,501,601,10
11531,2025-06-28,113,204,304,404,501,601,333
11532,2026-06-10,113,204,304,404,503,601,174
11533,2025-02-26,104,201,304,404,503,601,236
11534,2025-01-03,108,201,305,402,503,603,119
11535,2026-02-17,108,203,303,404,503,602,153
11536,2025-09-22,116,201,302,401,502,603,277
11537,2025-03-13,105,202,301,401,501,601,190
11538,2025-08-04,107,203,302,404,503,603,148
11539,2026-04-11,104,203,303,401,501,601,10
11540,2025-11-04,104,201,304,401,502,603,202
11541,2026-01-27,107,202,305,401,503,601,30
11542,2025-01-31,101,201,303,401,501,603,230
11543,2026-02-09,103,201,301,402,503,601,129
11544,2026-04-10,116,202,301,404,502,602,261
11545,2025-09-06,110,201,301,401,502,601,288
11546,2026-06-12,104,203,304,401,503,601,133
11547,2025-10-30,103,203,303,401,501,601,263
11548,2026-01-04,108,201,305,404,501,601,250
11549,2025-11-18,103,201,303,404,503,603,198
11550,2026-06-11,109,204,304,404,503,601,215
11551,2025-12-01,101,201,301,401,503,603,132
11552,2025-11-04,110,203,303,402,503,601,10
11553,2025-12-10,118,201,302,401,503,602,267
11554,2025-01-03,103,201,303,402,501,603,189
11555,2025-09-03,116,201,301,403,503,601,343
11556,2025-09-27,107,203,303,404,501,602,109
11557,2026-02-01,108,203,302,403,501,603,196
11558,2025-07-05,114,203,301,402,502,602,262
11559,2025-10-20,120,201,305,402,501,601,55
11560,2025-08-12,109,201,303,404,501,603,243
11561,2025-05-31,116,201,303,402,503,601,178
11562,2025-07-25,107,201,301,404,503,601,233
11563,2025-04-23,117,201,303,403,502,603,95
11564,2026-06-03,115,202,302,401,503,602,30
11565,2025-04-30,118,203,301,404,502,603,233
11566,2026-06-17,109,203,304,404,502,601,242
11567,2026-03-25,116,202,302,401,502,603,193
11568,2026-04-08,108,201,301,402,501,603,257
11569,2026-04-03,107,203,303,402,502,603,302
11570,2026-05-30,116,201,305,401,501,603,171
11571,2025-08-22,114,203,305,403,503,603,292
11572,2026-06-06,113,201,305,402,502,603,298
11573,2025-05-13,107,204,302,402,502,602,322
11574,2025-01-24,109,203,304,403,501,601,322
11575,2026-03-04,103,201,301,404,501,603,100
11576,2025-01-15,102,203,304,403,501,602,150
11577,2025-05-15,111,204,305,402,503,601,33
11578,2026-06-12,115,201,301,401,502,603,43
11579,2025-09-14,102,203,301,404,503,601,313
11580,2025-09-17,103,203,301,403,501,603,261
11581,2025-07-13,101,201,301,404,502,601,223
11582,2025-04-09,116,204,301,401,503,601,304
11583,2025-04-26,114,201,301,404,503,602,370
11584,2026-01-27,112,201,305,402,501,601,115
11585,2025-10-20,109,203,305,404,502,601,167
11586,2025-03-23,103,201,301,402,502,601,238
11587,2025-05-26,110,203,302,404,503,603,448
11588,2026-03-23,103,203,301,404,501,603,62
11589,2026-02-10,101,202,301,401,503,601,207
11590,2025-07-10,103,203,305,401,503,601,160
11591,2026-02-09,107,203,301,403,503,602,10
11592,2025-02-03,104,203,301,402,501,603,168
11593,2025-05-05,101,201,305,404,502,601,316
11594,2025-11-30,118,203,305,401,503,601,76
11595,2026-03-13,113,203,303,402,503,603,28
11596,2025-03-18,101,201,302,401,502,603,42
11597,2025-12-21,101,202,301,401,501,602,173
11598,2025-05-20,103,203,301,404,502,603,170
11599,2026-05-25,110,202,303,401,502,603,32
11600,2026-04-28,101,201,302,401,501,601,159
11601,2025-01-07,103,202,305,403,503,601,98
11602,2025-04-16,110,202,302,402,503,601,280
11603,2025-10-02,109,204,301,402,503,603,272
11604,2025-08-25,108,203,301,404,503,603,207
11605,2026-03-24,107,203,301,402,503,601,294
11606,2025-10-20,106,202,301,402,502,601,65
11607,2025-12-29,102,203,304,401,501,603,167
11608,2025-01-06,108,201,301,404,503,603,203
11609,2025-06-05,106,201,303,401,501,603,124
11610,2025-11-05,107,203,301,404,503,601,355
11611,2025-05-03,108,202,301,401,502,601,225
11612,2025-08-03,105,201,301,401,501,601,84
11613,2025-07-19,103,201,301,404,501,602,365
11614,2025-12-16,103,201,301,404,503,601,440
11615,2025-09-26,116,201,302,402,502,603,235
11616,2025-12-31,117,203,302,401,501,602,160
11617,2025-07-25,105,201,305,404,501,601,150
11618,2025-06-02,103,202,305,404,503,602,56
11619,2025-08-01,103,202,303,401,501,601,160
11620,2025-02-14,111,203,301,404,503,601,326
11621,2025-09-08,104,201,305,401,501,602,10
11622,2026-02-05,103,203,305,404,503,601,186
11623,2025-06-17,105,203,303,402,502,601,74
11624,2026-04-09,106,203,302,404,503,601,288
11625,2025-04-06,104,201,302,404,501,603,168
11626,2025-01-24,103,203,305,402,503,601,203
11627,2025-09-21,104,203,301,404,503,601,234
11628,2025-10-17,103,203,302,402,501,602,241
11629,2025-09-02,112,201,302,403,503,603,96
11630,2026-01-28,109,201,301,401,503,603,111
11631,2025-09-07,109,203,304,404,502,603,28
11632,2025-10-09,103,201,301,404,502,601,306
11633,2025-02-28,115,203,302,404,501,601,203
11634,2026-02-10,103,204,301,402,501,601,30
11635,2025-03-14,106,203,301,402,501,603,193
11636,2025-12-07,114,201,304,404,501,601,489
11637,2025-01-18,115,201,301,404,501,603,237
11638,2025-08-27,112,203,303,403,503,601,93
11639,2025-07-24,120,201,302,403,501,603,182
11640,2025-03-23,107,203,304,401,503,601,307
11641,2025-07-11,108,203,301,401,502,603,176
11642,2025-06-26,116,201,302,404,501,603,390
11643,2025-04-28,105,201,305,401,501,601,169
11644,2025-08-05,109,201,305,401,501,601,107
11645,2026-06-06,110,203,301,404,501,601,213
11646,2025-11-14,116,201,302,402,502,601,309
11647,2025-08-02,104,201,301,401,503,603,109
11648,2025-06-29,109,202,305,401,501,602,105
11649,2025-10-10,107,201,304,401,502,601,199
11650,2026-04-07,109,202,302,402,501,601,204
11651,2025-12-09,110,202,301,404,502,602,324
11652,2026-05-10,107,203,305,402,502,603,283
11653,2025-04-03,101,204,301,401,502,601,278
11654,2026-02-21,102,201,304,401,502,602,123
11655,2025-09-25,108,203,301,402,501,601,265
11656,2025-08-21,102,203,303,404,503,603,197
11657,2025-11-28,120,201,301,401,503,603,160
11658,2026-05-24,112,201,303,404,502,601,329
11659,2025-03-01,109,203,303,403,503,601,380
11660,2025-06-14,101,202,303,404,502,601,175
11661,2025-04-19,101,201,303,403,501,601,272
11662,2026-06-04,112,204,305,404,503,602,281
11663,2026-06-05,116,201,304,401,502,601,74
11664,2026-06-19,106,201,303,402,503,601,111
11665,2026-01-17,104,201,301,404,503,603,505
11666,2026-03-30,108,201,303,401,503,603,60
11667,2026-06-05,103,201,303,404,501,601,222
11668,2025-09-02,103,201,305,404,503,603,195
11669,2025-03-29,116,202,301,401,501,601,102
11670,2025-07-22,115,201,305,401,501,603,93
11671,2026-03-02,106,201,305,401,501,602,171
11672,2026-04-27,104,201,301,403,501,603,186
11673,2025-05-05,113,204,301,402,501,603,79
11674,2025-10-23,101,203,302,403,503,601,128
11675,2025-01-17,102,203,301,404,501,601,162
11676,2025-05-26,104,201,301,404,501,603,142
11677,2026-04-13,120,201,303,401,501,603,216
11678,2026-03-26,109,203,301,401,503,601,123
11679,2026-01-03,104,201,305,401,501,601,202
11680,2026-02-04,105,203,301,401,503,603,276
11681,2025-12-14,103,201,303,401,501,603,47
11682,2025-12-22,107,201,304,404,502,602,419
11683,2025-11-12,118,204,302,401,503,603,129
11684,2026-02-28,108,202,301,401,503,603,127
11685,2025-06-17,115,202,302,402,501,601,152
11686,2025-04-30,104,201,303,401,503,601,207
11687,2025-07-24,110,203,302,401,502,601,10
11688,2025-08-02,107,201,303,404,503,603,235
11689,2025-09-22,103,203,304,404,501,603,133
11690,2025-12-20,112,201,302,401,502,601,153
11691,2025-08-04,115,202,302,404,501,603,157
11692,2025-03-06,115,201,303,404,502,603,312
11693,2025-08-01,116,201,301,402,503,602,272
11694,2026-05-01,103,201,301,404,503,601,255
11695,2025-02-09,110,203,302,404,501,601,270
11696,2026-01-30,106,203,304,401,503,601,180
11697,2025-10-14,112,204,304,404,503,601,216
11698,2026-04-14,105,201,303,402,503,603,77
11699,2026-04-03,117,204,304,403,501,602,392
11700,2026-03-23,116,203,301,403,501,601,179
11701,2025-08-04,102,203,303,404,503,603,232
11702,2026-01-27,102,201,301,403,501,601,179
11703,2025-12-11,107,203,301,401,503,601,236
11704,2025-04-07,116,201,303,403,503,603,181
11705,2025-10-24,104,201,305,401,503,601,178
11706,2026-03-06,109,201,303,403,502,602,187
11707,2025-06-10,108,201,301,401,501,601,50
11708,2025-07-20,104,201,303,401,501,601,97
11709,2025-09-11,102,204,301,404,503,603,269
11710,2026-05-20,106,203,303,401,503,601,121
11711,2026-01-13,117,202,303,404,503,603,371
11712,2025-12-27,108,201,303,401,503,602,52
11713,2025-07-30,110,201,303,401,503,603,57
11714,2026-02-05,103,201,305,403,501,601,455
11715,2026-02-01,118,203,305,404,503,601,70
11716,2026-01-25,101,201,303,401,501,601,76
11717,2025-06-15,104,201,302,401,503,601,135
11718,2025-10-26,102,201,303,401,503,601,31
11719,2026-02-10,101,201,302,402,503,601,180
11720,2025-12-02,103,201,301,404,503,602,255
11721,2026-05-25,109,201,305,402,503,601,61
11722,2025-06-28,107,201,304,404,503,602,213
11723,2025-03-22,105,204,301,402,501,601,216
11724,2025-07-23,101,203,305,404,503,601,174
11725,2025-07-04,120,202,305,402,502,603,213
11726,2026-02-23,104,204,305,401,501,601,295
11727,2025-12-21,110,202,301,403,501,601,169
11728,2025-05-20,113,203,305,404,502,603,314
11729,2025-04-21,102,201,301,401,502,603,119
11730,2026-05-23,115,204,303,404,503,603,362
11731,2025-10-10,109,202,302,402,503,602,293
11732,2025-09-23,115,203,303,401,503,603,121
11733,2025-07-15,101,203,302,404,501,603,227
11734,2026-04-22,115,203,305,401,503,601,139
11735,2025-12-09,116,202,304,401,501,603,85
11736,2025-06-28,108,201,302,404,503,603,256
11737,2025-10-26,113,202,305,404,503,603,445
11738,2026-04-27,112,202,302,404,503,603,135
11739,2025-03-06,101,202,304,401,503,601,113
11740,2026-05-10,108,203,305,404,503,603,275
11741,2025-01-18,108,203,304,401,501,603,252
11742,2025-09-26,102,201,303,403,503,603,40
11743,2026-01-10,103,201,301,401,501,601,51
11744,2026-06-02,113,201,301,402,503,601,289
11745,2025-01-10,103,201,301,402,501,601,306
11746,2025-12-05,102,201,305,402,503,603,281
11747,2025-02-16,108,204,304,404,503,603,290
11748,2025-04-06,101,201,305,402,501,603,154
11749,2025-02-18,110,202,301,402,503,603,10
11750,2025-07-20,110,201,302,401,503,601,155
11751,2025-10-18,102,202,305,401,503,601,335
11752,2026-04-10,109,201,301,402,501,601,121
11753,2026-05-15,109,201,301,403,501,603,352
11754,2025-05-18,109,201,301,402,503,601,78
11755,2026-02-27,101,203,305,402,503,601,193
11756,2025-08-30,106,203,305,401,503,601,130
11757,2025-06-26,103,201,305,402,502,601,179
11758,2026-01-01,101,204,302,401,503,603,177
11759,2025-06-06,116,202,301,404,503,601,281
11760,2026-03-30,108,203,301,404,501,601,265
11761,2026-06-19,101,201,301,404,501,601,350
11762,2025-07-07,112,201,301,404,502,603,50
11763,2025-01-18,116,201,303,401,502,603,93
11764,2026-06-03,101,204,302,404,501,601,349
11765,2025-11-19,116,204,301,404,501,601,216
11766,2026-05-04,108,201,302,402,503,601,233
11767,2025-10-31,110,203,303,403,501,602,201
11768,2026-03-01,116,203,301,402,503,601,379
11769,2026-03-19,109,203,302,401,503,603,172
11770,2025-09-23,109,201,303,401,502,601,185
11771,2025-12-27,106,201,302,404,501,601,310
11772,2026-04-09,116,202,305,402,501,603,97
11773,2026-02-06,103,201,301,404,503,603,256
11774,2025-08-12,107,203,301,404,503,603,286
11775,2025-07-26,115,204,305,402,503,601,270
11776,2026-03-17,102,201,304,404,503,602,436
11777,2025-04-08,115,201,302,401,503,601,159
11778,2026-04-09,108,203,302,402,503,601,12
11779,2025-11-11,110,201,305,404,501,603,270
11780,2025-11-28,103,201,302,404,503,602,325
11781,2025-04-22,116,204,304,402,503,601,270
11782,2026-01-24,103,202,302,404,502,603,367
11783,2026-05-07,108,201,302,404,501,601,363
11784,2025-03-24,106,201,305,401,503,601,109
11785,2025-10-22,107,201,304,402,503,603,328
11786,2025-06-20,101,203,304,404,501,601,287
11787,2025-05-13,105,201,302,401,503,603,183
11788,2025-03-15,109,201,302,404,502,601,375
11789,2026-03-30,107,201,303,402,502,601,163
11790,2025-12-03,116,201,302,404,501,601,280
11791,2025-06-29,109,202,305,404,503,601,231
11792,2025-10-12,109,201,302,404,502,601,234
11793,2025-10-04,116,201,305,404,503,603,158
11794,2025-02-20,107,201,305,402,501,601,247
11795,2025-11-29,109,203,301,402,503,601,259
11796,2025-05-21,109,203,303,401,502,603,286
11797,2025-02-15,115,203,304,404,503,603,164
11798,2025-06-14,115,202,302,404,503,602,37
11799,2025-03-04,107,201,303,401,503,601,94
11800,2026-03-18,111,204,305,404,501,601,74
11801,2025-10-20,102,201,304,401,501,601,188
11802,2025-04-14,106,204,301,404,501,601,293
11803,2025-06-13,103,201,303,404,501,603,294
11804,2025-12-20,108,203,302,404,502,601,183
11805,2026-05-11,116,203,303,401,502,603,192
11806,2025-01-16,119,202,302,404,503,603,235
11807,2025-07-01,110,201,302,404,501,601,110
11808,2025-02-22,110,203,301,404,502,601,118
11809,2025-01-21,104,201,305,401,503,601,122
11810,2026-01-31,101,203,301,403,502,601,186
11811,2025-06-09,104,201,301,403,501,601,286
11812,2025-12-18,101,201,303,401,501,601,141
11813,2025-01-01,103,203,305,402,502,601,189
11814,2026-05-15,102,204,301,404,501,603,328
11815,2025-07-31,112,202,304,404,503,602,133
11816,2025-10-04,101,201,301,401,502,602,132
11817,2026-04-06,110,204,305,404,502,601,327
11818,2025-11-07,103,201,302,401,503,601,11
11819,2026-05-07,109,201,304,402,503,603,10
11820,2026-04-05,106,202,304,404,501,601,213
11821,2025-08-17,110,203,301,404,503,603,395
11822,2025-12-20,110,203,302,401,501,601,230
11823,2026-04-26,115,201,302,404,503,602,560
11824,2025-12-26,109,201,303,404,503,601,205
11825,2026-05-26,108,203,303,401,501,601,253
11826,2025-03-08,104,203,305,404,503,603,235
11827,2025-01-24,108,203,301,404,501,603,242
11828,2026-03-25,116,201,303,402,501,602,214
11829,2026-03-21,110,203,304,404,501,601,239
11830,2025-06-10,115,204,302,404,501,601,207
11831,2026-02-08,113,201,303,403,501,603,216
11832,2025-09-21,112,201,304,401,502,601,121
11833,2025-06-09,101,202,301,404,503,601,226
11834,2026-05-09,116,202,301,402,501,601,167
11835,2026-04-17,108,204,301,403,501,601,382
11836,2026-01-02,105,201,303,402,502,602,26
11837,2025-05-13,110,201,303,401,501,602,143
11838,2026-04-19,116,201,302,403,501,603,237
11839,2025-10-12,115,203,305,401,503,602,170
11840,2025-12-24,102,201,302,401,503,603,203
11841,2025-06-09,104,204,305,401,503,601,76
11842,2025-10-04,107,201,305,404,501,601,144
11843,2025-01-12,112,204,301,404,503,603,322
11844,2025-12-12,112,201,302,402,502,603,95
11845,2026-02-18,108,201,301,401,501,601,240
11846,2025-10-08,113,201,301,404,501,603,152
11847,2025-10-31,113,202,303,401,501,602,246
11848,2025-03-07,102,201,304,404,501,601,62
11849,2025-04-21,104,201,305,404,501,602,313
11850,2025-03-09,101,201,301,401,503,603,164
11851,2025-08-29,101,202,303,404,501,601,120
11852,2025-10-09,115,202,302,404,502,603,252
11853,2026-01-10,103,202,305,402,501,601,172
11854,2025-02-11,118,203,305,404,502,603,275
11855,2025-03-04,101,203,305,402,501,601,243
11856,2025-11-05,103,203,303,404,503,601,304
11857,2025-01-05,115,202,303,404,501,601,365
11858,2025-06-05,113,201,302,404,503,601,306
11859,2025-02-19,110,201,305,404,503,603,378
11860,2026-01-30,109,201,304,402,502,603,314
11861,2026-03-14,110,203,302,404,503,601,116
11862,2026-04-20,119,201,301,402,503,601,260
11863,2025-02-17,105,201,303,401,502,601,162
11864,2025-05-12,115,201,301,404,503,603,225
11865,2025-05-14,101,202,302,401,501,602,177
11866,2025-12-09,110,202,305,401,501,601,167
11867,2025-02-07,101,201,301,404,501,601,205
11868,2025-02-11,103,202,301,402,503,603,321
11869,2025-04-07,103,202,303,403,502,603,145
11870,2025-09-11,119,203,301,404,501,603,241
11871,2025-10-31,104,203,303,402,502,603,94
11872,2025-08-21,111,204,304,403,503,603,330
11873,2026-04-10,115,201,305,404,502,601,111
11874,2025-04-06,113,201,301,401,502,603,53
11875,2025-07-05,112,201,302,402,503,602,262
11876,2025-01-21,109,201,301,402,501,601,167
11877,2025-08-18,110,201,304,404,503,602,161
11878,2025-05-12,115,201,303,404,503,603,180
11879,2025-05-24,109,204,305,402,503,602,192
11880,2026-05-08,108,201,303,402,502,601,63
11881,2025-05-25,109,201,305,401,501,601,180
11882,2026-05-31,110,203,302,404,503,603,242
11883,2025-07-12,112,203,301,404,503,601,277
11884,2026-03-14,103,203,302,402,503,601,180
11885,2025-07-01,111,203,305,401,501,603,88
11886,2026-04-02,111,201,304,404,502,601,342
11887,2026-05-10,110,201,305,404,503,603,100
11888,2025-01-23,108,201,301,404,503,603,163
11889,2025-01-08,104,203,301,404,503,603,242
11890,2025-11-05,115,202,301,404,503,602,162
11891,2025-07-20,108,201,301,401,502,603,152
11892,2025-10-05,104,203,303,402,503,601,210
11893,2026-03-26,104,201,302,404,503,601,276
11894,2025-01-17,116,204,305,403,501,603,137
11895,2026-01-29,108,201,301,402,503,602,123
11896,2025-01-03,103,201,303,402,503,603,82
11897,2025-03-30,115,204,303,402,501,601,159
11898,2025-02-13,110,202,304,404,501,601,172
11899,2025-05-18,102,201,301,403,503,601,257
11900,2025-06-22,110,202,303,404,501,601,211
11901,2026-02-23,108,201,302,403,501,603,267
11902,2026-05-16,115,201,304,402,503,601,278
11903,2025-02-23,118,203,302,401,503,601,125
11904,2025-01-01,112,201,302,404,501,601,201
11905,2025-10-08,101,201,304,401,503,601,190
11906,2026-05-31,114,201,303,401,503,603,234
11907,2025-03-21,101,202,301,404,503,601,235
11908,2026-01-28,116,203,302,403,503,601,266
11909,2025-11-11,103,201,303,403,503,601,260
11910,2026-04-17,102,201,303,404,503,602,59
11911,2026-02-22,101,204,303,404,501,603,246
11912,2026-01-06,108,204,301,401,503,602,107
11913,2026-06-13,112,201,304,402,501,603,201
11914,2026-03-17,109,203,301,404,503,601,126
11915,2025-07-25,116,201,303,402,501,603,166
11916,2025-04-05,116,201,301,403,503,603,106
11917,2025-01-09,101,201,301,402,503,601,229
11918,2025-10-02,116,203,304,401,501,601,124
11919,2025-10-07,110,203,305,402,503,603,145
11920,2025-05-28,102,203,301,404,503,601,227
11921,2025-05-30,116,202,301,404,503,601,215
11922,2025-12-18,108,201,302,402,503,603,73
11923,2025-05-03,110,201,303,404,503,601,230
11924,2025-05-28,108,201,303,402,502,601,223
11925,2026-06-21,105,202,304,402,503,603,174
11926,2026-02-21,110,203,305,401,501,601,174
11927,2025-05-03,114,202,304,401,501,603,181
11928,2026-04-14,102,203,303,404,502,603,268
11929,2026-06-09,105,201,301,403,503,603,283
11930,2025-02-18,108,202,303,402,501,601,241
11931,2025-10-25,108,203,301,401,503,602,135
11932,2025-09-18,115,201,302,401,503,602,221
11933,2025-05-24,110,201,303,404,503,601,241
11934,2026-03-25,103,203,301,404,501,602,367
11935,2025-05-05,112,201,301,403,502,601,200
11936,2026-06-14,104,201,301,401,503,601,97
11937,2025-01-04,108,201,302,403,501,601,131
11938,2026-06-19,109,203,304,404,503,601,223
11939,2025-12-23,104,204,301,404,501,601,245
11940,2026-05-31,116,201,302,401,502,601,192
11941,2025-01-16,105,201,301,401,501,601,122
11942,2025-07-24,113,204,301,402,501,601,253
11943,2025-03-09,109,201,303,404,503,601,320
11944,2026-02-09,108,203,301,402,503,601,37
11945,2026-06-19,116,201,302,401,503,603,257
11946,2025-10-20,104,204,304,403,501,601,216
11947,2026-01-28,106,204,303,404,501,602,431
11948,2025-09-06,112,204,301,401,502,601,92
11949,2026-05-15,115,202,304,401,502,601,146
11950,2025-04-15,113,204,305,402,503,601,320
11951,2026-01-09,110,201,301,401,503,601,129
11952,2025-04-22,107,203,303,402,503,602,120
11953,2025-12-15,101,203,302,404,503,601,225
11954,2026-03-18,108,202,304,404,503,601,244
11955,2025-08-22,117,201,303,404,503,601,230
11956,2026-01-06,104,202,305,404,503,601,218
11957,2026-06-17,101,202,301,401,503,603,136
11958,2025-04-11,102,201,304,404,503,603,262
11959,2025-06-04,118,201,302,402,503,602,297
11960,2025-10-13,109,201,304,402,502,603,75
11961,2025-10-19,110,201,303,402,503,601,152
11962,2026-02-13,104,203,304,401,502,602,229
11963,2025-02-23,111,201,301,404,501,603,257
11964,2026-01-01,102,203,302,401,502,603,10
11965,2026-01-27,102,203,305,401,502,603,68
11966,2025-07-01,109,201,303,402,501,601,130
11967,2025-03-09,109,202,302,402,503,601,143
11968,2025-09-03,108,202,301,404,503,603,106
11969,2025-01-17,103,203,305,402,501,601,397
11970,2025-09-16,102,201,305,402,501,601,217
11971,2025-01-01,101,202,304,404,503,601,277
11972,2026-01-12,103,202,301,401,502,602,22
11973,2025-08-23,107,201,303,401,503,603,172
11974,2025-01-05,115,201,302,403,501,603,112
11975,2025-03-11,104,201,304,404,503,603,347
11976,2025-10-01,109,201,301,403,502,601,308
11977,2026-02-16,106,201,304,402,503,601,298
11978,2025-02-12,112,201,303,404,503,602,70
11979,2025-07-11,109,203,302,402,503,603,89
11980,2026-06-09,104,203,301,403,503,602,270
11981,2026-04-14,110,202,303,404,503,603,272
11982,2025-07-20,102,203,304,404,501,603,224
11983,2025-04-17,110,201,304,402,501,601,163
11984,2026-01-16,109,201,301,402,502,602,134
11985,2026-04-14,105,201,303,401,503,603,101
11986,2026-01-14,117,203,305,401,501,601,176
11987,2026-02-14,112,204,303,404,501,601,265
11988,2026-05-19,103,201,303,402,501,603,347
11989,2026-04-03,102,201,304,401,503,602,132
11990,2026-04-13,107,201,301,404,503,601,379
11991,2025-06-20,106,203,301,402,501,602,133
11992,2026-03-11,107,201,301,401,501,601,201
11993,2025-07-29,102,201,301,403,503,602,203
11994,2026-04-04,110,201,301,401,501,602,124
11995,2025-09-01,104,204,302,402,503,601,91
11996,2025-09-01,108,203,305,401,501,601,126
11997,2026-06-09,104,202,302,403,503,603,259
11998,2025-06-09,105,203,301,401,503,602,58
11999,2025-09-14,109,201,304,404,501,601,340
